日期,次日,代號,名稱,分數,方向,進場,停損,TP1,TP2,次日開,次日高,次日低,次日收,隔日漲%,是否觸發,結果,PnL,籌碼加分,外資淨超(萬股),投信淨超(萬股)
2026-01-01,2026-01-02,2330,台積電,100,做多,1554.65,1538.72,1578.55,1594.48,1555.0,1585.0,1545.0,1585.0,2.26,True,達TP1,23.9,0,0.0,0.0
2026-01-01,2026-01-02,2454,聯發科,60,做多,1434.29,1412.84,1466.47,1487.91,1450.0,1495.0,1440.0,1470.0,2.8,True,達TP2,53.62,0,0.0,0.0
2026-01-01,2026-01-02,2382,廣達,50,做多,272.82,269.26,278.16,281.72,274.0,280.0,270.0,277.0,1.84,True,達TP1,5.34,0,0.0,0.0
2026-01-01,2026-01-02,2327,台達電,60,做多,231.69,228.22,236.89,240.37,232.5,243.0,230.0,241.0,4.33,True,達TP2,8.68,0,0.0,0.0
2026-01-01,2026-01-02,3034,威盛,50,做多,380.5,375.91,387.38,391.97,378.5,379.0,367.0,367.0,-1.87,False,未觸發,,0,0.0,0.0
2026-01-01,2026-01-02,2353,聯發科,60,做多,27.1,26.7,27.7,28.1,26.399999618530273,26.600000381469727,26.0,26.399999618530273,0.0,False,未觸發,,0,0.0,0.0
2026-01-01,2026-01-02,2356,神基,50,做多,43.03,42.45,43.9,44.48,43.5,44.75,43.349998474121094,44.54999923706055,3.85,True,達TP2,1.45,0,0.0,0.0
2026-01-02,2026-01-05,2330,台積電,100,做多,1589.75,1573.25,1614.5,1631.0,1630.0,1695.0,1625.0,1670.0,5.36,True,達TP2,41.25,0,0.0,0.0
2026-01-02,2026-01-05,2454,聯發科,60,做多,1474.41,1452.36,1507.49,1529.54,1510.0,1530.0,1495.0,1525.0,3.74,True,達TP2,55.13,0,0.0,0.0
2026-01-02,2026-01-05,2317,鴻海,60,做多,232.7,229.72,237.17,240.15,234.5,236.0,233.5,234.5,1.08,True,收盤了結(未達TP),1.8,0,0.0,0.0
2026-01-02,2026-01-05,2301,華碩,75,做多,167.5,165.0,171.25,173.75,170.0,172.5,166.5,169.5,1.5,True,達TP1,3.75,0,0.0,0.0
2026-01-02,2026-01-05,2327,台達電,60,做多,241.72,238.1,247.15,250.77,245.0,249.0,239.0,244.0,1.24,True,達TP1,5.43,0,0.0,0.0
2026-01-02,2026-01-05,2379,智原,50,做多,490.0,484.09,498.87,504.78,496.0,497.0,488.5,493.5,1.23,True,收盤了結(未達TP),3.5,0,0.0,0.0
2026-01-02,2026-01-05,2349,中興電,50,做多,15.35,15.13,15.68,15.9,14.600000381469727,14.600000381469727,13.399999618530273,13.399999618530273,-9.76,False,未觸發,,0,0.0,0.0
2026-01-02,2026-01-05,4919,中華電,50,做多,51.6,50.83,52.75,53.52,51.79999923706055,51.79999923706055,50.20000076293945,50.79999923706055,-0.78,True,停損洗出,-0.77,0,0.0,0.0
2026-01-02,2026-01-05,2383,緯創,60,做多,1680.0,1656.15,1715.77,1739.62,1620.0,1690.0,1585.0,1620.0,1.89,True,停損洗出,-23.85,0,0.0,0.0
2026-01-02,2026-01-05,2356,神基,60,做多,44.68,44.06,45.61,46.23,45.04999923706055,45.04999923706055,43.75,43.849998474121094,-1.57,True,停損洗出,-0.62,0,0.0,0.0
2026-01-05,2026-01-06,2330,台積電,45,觀望(開高走低風險),1675.01,1654.97,1705.07,1725.11,1645.0,1705.0,1645.0,1705.0,2.1,True,停損洗出,-20.04,0,0.0,0.0
2026-01-05,2026-01-06,2454,聯發科,85,做多,1529.57,1506.69,1563.89,1586.77,1505.0,1505.0,1480.0,1485.0,-2.62,False,未觸發,,0,0.0,0.0
2026-01-05,2026-01-06,2301,華碩,75,做多,171.5,168.96,175.31,177.85,170.0,171.0,166.5,170.5,0.59,False,未觸發,,0,0.0,0.0
2026-01-05,2026-01-06,2354,仁寶,50,做多,62.0,61.26,63.11,63.85,60.79999923706055,61.29999923706055,60.20000076293945,60.29999923706055,-0.82,False,未觸發,,0,0.0,0.0
2026-01-05,2026-01-06,2327,台達電,60,做多,244.73,241.07,250.22,253.88,248.0,254.0,247.0,253.5,3.89,True,達TP2,9.15,0,0.0,0.0
2026-01-05,2026-01-06,3034,威盛,50,做多,379.0,374.05,386.42,391.38,365.5,378.0,365.5,378.0,4.13,False,未觸發,,0,0.0,0.0
2026-01-05,2026-01-06,2379,智原,50,做多,497.0,491.1,505.85,511.75,500.0,515.0,494.5,512.0,3.75,True,達TP2,14.75,0,0.0,0.0
2026-01-05,2026-01-06,2357,華通,50,做多,563.0,554.81,575.29,583.48,545.0,548.0,538.0,539.0,-1.28,False,未觸發,,0,0.0,0.0
2026-01-05,2026-01-06,2352,智邦,50,做多,23.85,23.5,24.38,24.73,23.100000381469727,24.399999618530273,23.100000381469727,23.899999618530273,3.69,True,停損洗出,-0.35,0,0.0,0.0
2026-01-05,2026-01-06,2383,緯創,60,做多,1660.0,1635.7,1696.45,1720.75,1630.0,1705.0,1625.0,1695.0,4.63,True,停損洗出,-24.3,0,0.0,0.0
2026-01-05,2026-01-06,2392,台積電,50,做多,37.5,36.99,38.27,38.77,36.45000076293945,36.70000076293945,36.25,36.45000076293945,0.0,False,未觸發,,0,0.0,0.0
2026-01-06,2026-01-07,2354,仁寶,50,做多,61.9,61.16,63.01,63.75,60.70000076293945,61.29999923706055,60.20000076293945,60.79999923706055,0.83,False,未觸發,,0,0.0,0.0
2026-01-06,2026-01-07,2327,台達電,100,做多,254.26,250.46,259.96,263.76,257.0,260.0,252.5,253.0,-0.2,True,達TP1,5.7,0,0.0,0.0
2026-01-06,2026-01-07,2349,中興電,50,做多,14.74,14.52,15.07,15.29,15.0,16.149999618530273,15.0,16.149999618530273,9.86,True,達TP2,0.55,0,0.0,0.0
2026-01-06,2026-01-07,2352,智邦,50,做多,23.97,23.61,24.51,24.87,24.049999237060547,24.700000762939453,23.850000381469727,24.600000381469727,2.93,True,達TP1,0.54,0,0.0,0.0
2026-01-06,2026-01-07,3711,保德信,45,觀望(開高走低風險),272.31,268.24,278.41,282.49,277.5,281.5,273.5,275.0,1.29,True,達TP1,6.1,0,0.0,0.0
2026-01-06,2026-01-07,4919,中華電,60,做多,53.76,52.96,54.96,55.76,53.79999923706055,54.79999923706055,53.20000076293945,54.70000076293945,2.05,True,收盤了結(未達TP),0.94,0,0.0,0.0
2026-01-06,2026-01-07,2383,緯創,60,做多,1700.08,1674.65,1738.22,1763.65,1720.0,1720.0,1530.0,1580.0,-6.78,True,停損洗出,-25.43,0,0.0,0.0
2026-01-07,2026-01-08,2317,鴻海,75,做多,239.0,235.93,243.6,246.67,237.5,237.5,228.5,229.5,-3.77,False,未觸發,,0,0.0,0.0
2026-01-07,2026-01-08,3034,威盛,85,做多,403.21,397.32,412.04,417.93,398.5,398.5,381.5,385.0,-4.23,False,未觸發,,0,0.0,0.0
2026-01-07,2026-01-08,2353,聯發科,60,做多,27.13,26.73,27.73,28.13,27.149999618530273,27.149999618530273,26.25,26.350000381469727,-2.59,True,停損洗出,-0.4,0,0.0,0.0
2026-01-07,2026-01-08,2377,台積電,50,做多,96.59,95.15,98.75,100.19,97.30000305175781,99.4000015258789,96.19999694824219,96.5,0.21,True,達TP1,2.16,0,0.0,0.0
2026-01-07,2026-01-08,4919,中華電,60,做多,54.86,54.04,56.09,56.91,57.900001525878906,59.400001525878906,55.29999923706055,55.5,1.46,True,達TP2,2.05,0,0.0,0.0
2026-01-08,2026-01-09,2354,仁寶,50,做多,61.3,60.55,62.42,63.17,59.099998474121094,59.400001525878906,58.29999923706055,58.900001525878906,-0.51,False,未觸發,,0,0.0,0.0
2026-01-08,2026-01-09,2377,台積電,50,做多,97.2,95.75,99.37,100.82,97.0,98.4000015258789,94.69999694824219,97.4000015258789,0.93,True,停損洗出,-1.45,0,0.0,0.0
2026-01-08,2026-01-09,4919,中華電,60,做多,55.67,54.84,56.91,57.74,55.20000076293945,55.29999923706055,52.20000076293945,53.0,-4.5,False,未觸發,,0,0.0,0.0
2026-01-09,2026-01-12,3008,大立光,75,做多,2570.0,2532.05,2626.92,2664.87,2530.0,2530.0,2450.0,2490.0,-1.58,False,未觸發,,0,0.0,0.0
2026-01-09,2026-01-12,2382,廣達,75,做多,283.85,279.64,290.17,294.38,285.5,286.0,278.0,280.5,-0.88,True,停損洗出,-4.21,0,0.0,0.0
2026-01-09,2026-01-12,2357,華通,50,做多,542.0,534.07,553.89,561.82,538.0,546.0,534.0,546.0,3.21,True,停損洗出,-7.93,0,0.0,0.0
2026-01-09,2026-01-12,2377,台積電,50,做多,99.4,97.94,101.59,103.05,98.19999694824219,100.5,97.4000015258789,100.0,2.67,True,停損洗出,-1.46,0,0.0,0.0
2026-01-12,2026-01-13,2379,智原,75,做多,540.62,532.53,552.76,560.85,592.0,592.0,567.0,576.0,6.86,True,達TP2,20.23,15,51.2,-18.4
2026-01-13,2026-01-14,2454,聯發科,75,做多,1489.45,1467.17,1522.87,1545.15,1485.0,1500.0,1480.0,1500.0,1.01,True,收盤了結(未達TP),10.55,15,11.2,-34.7
2026-01-13,2026-01-14,2327,台達電,85,觀望(開高走低風險),261.28,257.37,267.14,271.05,268.0,285.0,265.5,278.5,6.91,True,達TP2,9.77,25,355.9,216.4
2026-01-13,2026-01-14,2379,智原,60,觀望(開高走低風險),577.73,569.09,590.69,599.33,564.0,564.0,525.0,532.0,-7.64,False,未觸發,,15,51.2,-18.4
2026-01-13,2026-01-14,2392,台積電,75,做多,38.82,38.26,39.66,40.22,39.04999923706055,39.5,38.54999923706055,39.25,1.42,True,收盤了結(未達TP),0.43,15,41.2,0.0
2026-01-14,2026-01-15,2324,緯創,75,做多,31.44,30.98,32.13,32.59,31.549999237060547,31.549999237060547,30.799999237060547,31.049999237060547,-0.96,True,停損洗出,-0.46,15,128.7,-49.1
2026-01-14,2026-01-15,2327,台達電,70,觀望(開高走低風險),279.34,275.16,285.61,289.79,280.0,285.0,272.5,273.5,-1.8,True,停損洗出,-4.18,25,355.9,216.4
2026-01-14,2026-01-15,2353,聯發科,85,做多,27.63,27.22,28.24,28.66,27.5,27.5,26.899999618530273,27.100000381469727,-1.63,False,未觸發,,10,-40.4,57.1
2026-01-14,2026-01-15,2349,中興電,65,做多,16.35,16.11,16.71,16.95,16.700000762939453,17.100000381469727,15.75,16.0,-1.84,True,停損洗出,-0.24,0,-160.9,0.0
2026-01-14,2026-01-15,2356,神基,85,做多,44.45,43.79,45.44,46.1,44.0,44.20000076293945,43.5,44.150001525878906,0.0,False,未觸發,,25,67.5,61.6
2026-01-15,2026-01-16,4904,台灣大,75,做多,91.27,90.54,92.36,93.09,90.9000015258789,91.4000015258789,90.30000305175781,91.0999984741211,0.11,True,停損洗出,-0.73,0,-96.7,-17.6
2026-01-15,2026-01-16,2349,中興電,50,做多,16.3,16.06,16.66,16.9,15.600000381469727,16.200000762939453,15.300000190734863,16.200000762939453,1.25,False,未觸發,,0,-160.9,0.0
2026-01-16,2026-01-19,2330,台積電,85,做多,1745.22,1723.78,1777.38,1798.82,1725.0,1780.0,1725.0,1760.0,1.15,True,達TP1,32.16,10,-1025.6,2.0
2026-01-16,2026-01-19,2454,聯發科,90,做多,1509.51,1486.93,1543.38,1565.96,1510.0,1510.0,1465.0,1485.0,-1.33,True,停損洗出,-22.58,15,11.2,-34.7
2026-01-16,2026-01-19,2301,華碩,75,做多,169.0,166.51,172.74,175.23,166.0,169.0,162.5,163.0,-1.81,True,停損洗出,-2.49,15,11.9,-74.6
2026-01-16,2026-01-19,2392,台積電,75,做多,39.75,39.16,40.64,41.23,39.75,41.45000076293945,39.5,41.29999923706055,4.16,True,達TP2,1.48,15,41.2,0.0
2026-01-19,2026-01-20,2324,緯創,90,做多,32.35,31.87,33.07,33.55,32.099998474121094,33.70000076293945,31.850000381469727,32.599998474121094,1.09,True,停損洗出,-0.48,15,128.7,-49.1
2026-01-19,2026-01-20,3034,威盛,75,做多,387.66,381.86,396.36,402.16,387.0,395.0,383.5,392.0,1.42,True,收盤了結(未達TP),4.34,15,17.9,-5.2
2026-01-19,2026-01-20,4919,中華電,60,觀望(開高走低風險),60.38,59.48,61.73,62.63,59.599998474121094,60.5,58.0,59.400001525878906,-1.33,True,停損洗出,-0.9,15,78.0,0.0
2026-01-19,2026-01-20,2356,神基,100,做多,44.78,44.14,45.74,46.38,44.849998474121094,45.150001525878906,44.349998474121094,44.79999923706055,0.34,True,收盤了結(未達TP),0.02,25,67.5,61.6
2026-01-20,2026-01-21,2317,鴻海,65,做多,233.5,230.3,238.3,241.5,221.0,225.0,219.0,219.0,-2.01,False,未觸發,,0,-996.0,-53.9
2026-01-20,2026-01-21,2324,緯創,75,做多,33.0,32.51,33.73,34.23,32.29999923706055,33.25,31.75,31.899999618530273,-2.15,True,停損洗出,-0.49,15,128.7,-49.1
2026-01-21,2026-01-22,3008,大立光,65,做多,2480.0,2443.4,2534.9,2571.5,2460.0,2465.0,2430.0,2435.0,-0.2,False,未觸發,,15,20.3,-1.1
2026-01-21,2026-01-22,2317,鴻海,50,做多,228.5,225.27,233.34,236.57,223.5,226.0,222.0,223.5,2.05,False,未觸發,,0,-2442.2,-140.8
2026-01-21,2026-01-22,2354,仁寶,75,做多,60.3,59.51,61.48,62.27,60.099998474121094,60.70000076293945,59.79999923706055,59.79999923706055,0.84,True,收盤了結(未達TP),-0.5,25,50.1,1.3
2026-01-21,2026-01-22,2356,神基,75,做多,46.69,45.99,47.74,48.44,48.650001525878906,51.20000076293945,48.0,51.20000076293945,9.99,True,達TP2,1.75,15,180.9,-180.0
2026-01-22,2026-01-23,2301,華碩,100,做多,177.53,174.88,181.5,184.16,182.5,184.5,171.0,172.0,-2.82,True,停損洗出,-2.65,15,293.2,-70.5
2026-01-22,2026-01-23,2356,神基,75,觀望(開高走低風險),51.35,50.58,52.51,53.28,54.5,55.0,47.79999923706055,48.0,-6.25,True,停損洗出,-0.77,15,180.9,-180.0
2026-01-23,2026-01-26,2454,聯發科,75,觀望(開高走低風險),1634.89,1610.44,1671.57,1696.02,1740.0,1790.0,1720.0,1770.0,8.59,True,達TP2,61.13,15,3.6,-86.3
2026-01-23,2026-01-26,2301,華碩,75,做多,177.0,174.42,180.87,183.45,171.5,174.0,165.5,167.0,-2.91,False,未觸發,,15,293.2,-70.5
2026-01-23,2026-01-26,2324,緯創,75,做多,34.4,33.9,35.15,35.65,33.349998474121094,33.349998474121094,32.25,32.25,-3.3,False,未觸發,,15,276.5,-313.5
2026-01-23,2026-01-26,3034,威盛,60,做多,394.18,388.29,403.01,408.9,390.0,403.5,388.5,396.0,0.76,True,達TP1,8.83,0,-44.4,-63.3
2026-01-23,2026-01-26,2352,智邦,55,觀望(開高走低風險),28.28,27.86,28.91,29.33,29.200000762939453,29.299999237060547,26.75,26.850000381469727,-4.79,True,停損洗出,-0.42,10,-10.0,0.2
2026-01-23,2026-01-26,2383,緯創,69,觀望(開高走低風險),1805.4,1778.4,1845.9,1872.9,1790.0,1825.0,1715.0,1740.0,-3.33,True,停損洗出,-27.0,15,35.6,-48.2
2026-01-23,2026-01-26,2356,神基,75,做多,51.2,50.48,52.28,53.0,48.25,48.5,46.150001525878906,46.54999923706055,-3.02,False,未觸發,,15,180.9,-180.0
2026-01-23,2026-01-26,2392,台積電,90,做多,41.62,41.0,42.55,43.17,42.099998474121094,42.099998474121094,41.0,41.150001525878906,-0.84,True,停損洗出,-0.62,15,21.6,0.0
2026-01-26,2026-01-27,2454,聯發科,60,觀望(開高走低風險),1775.31,1748.76,1815.13,1841.68,1755.0,1820.0,1750.0,1775.0,0.28,True,達TP1,39.82,15,3.6,-86.3
2026-01-26,2026-01-27,2352,智邦,70,做多,28.2,27.8,28.8,29.2,27.0,27.0,25.799999237060547,25.950000762939453,-3.35,False,未觸發,,10,-10.0,0.2
2026-01-27,2026-01-28,4919,中華電,60,做多,60.6,59.7,61.95,62.85,65.0,66.30000305175781,64.9000015258789,66.30000305175781,9.95,True,達TP2,2.25,0,-31.3,0.0
2026-01-28,2026-01-29,2317,鴻海,50,做多,227.0,223.75,231.88,235.12,226.5,227.5,222.0,224.0,-0.67,True,停損洗出,-3.25,0,-2442.2,-140.8
2026-01-28,2026-01-29,4919,中華電,60,觀望(開高走低風險),66.5,65.51,67.98,68.97,69.19999694824219,69.80000305175781,60.599998474121094,60.70000076293945,-8.45,True,停損洗出,-0.99,0,-31.3,0.0
2026-01-29,2026-01-30,2379,智原,50,做多,535.0,527.34,546.49,554.15,500.0,502.0,483.5,483.5,-5.38,False,未觸發,,0,-70.4,-14.5
2026-01-29,2026-01-30,4904,台灣大,50,做多,89.9,89.17,91.0,91.73,89.0,90.0,88.0999984741211,88.80000305175781,-0.22,True,停損洗出,-0.73,0,-22.0,-73.8
2026-01-29,2026-01-30,2377,台積電,60,做多,97.1,95.69,99.21,100.62,93.0999984741211,93.0999984741211,90.0,90.19999694824219,-3.74,False,未觸發,,10,-193.7,0.4
2026-01-29,2026-01-30,4919,中華電,50,做多,66.3,65.39,67.67,68.58,60.5,63.5,60.5,62.5,2.97,False,未觸發,,0,-31.3,0.0
2026-01-30,2026-02-02,2330,台積電,85,做多,1835.0,1814.14,1866.29,1887.15,1750.0,1765.0,1745.0,1765.0,-0.56,False,未觸發,,10,-1371.8,45.0
2026-01-30,2026-02-02,2354,仁寶,60,做多,59.9,59.09,61.12,61.93,56.79999923706055,57.20000076293945,56.20000076293945,56.5,-1.57,False,未觸發,,10,-247.4,2.1
2026-01-30,2026-02-02,2353,聯發科,50,做多,25.9,25.52,26.47,26.85,26.0,27.600000381469727,25.950000762939453,27.200000762939453,8.37,True,達TP2,0.95,0,-1244.3,-15.8
2026-01-30,2026-02-02,4904,台灣大,50,做多,90.3,89.54,91.44,92.2,89.5999984741211,90.5,88.80000305175781,90.19999694824219,1.58,True,停損洗出,-0.76,0,-17.5,-28.8
2026-01-30,2026-02-02,3711,保德信,75,做多,317.5,313.05,324.17,328.62,294.0,298.0,288.5,292.0,-1.68,False,未觸發,,0,-210.2,-126.6
2026-02-02,2026-02-03,2324,緯創,60,做多,32.75,32.27,33.47,33.95,32.900001525878906,33.5,31.850000381469727,32.0,-0.93,True,停損洗出,-0.48,15,703.9,-95.6
2026-02-02,2026-02-03,2353,聯發科,60,做多,27.28,26.87,27.9,28.3,26.700000762939453,27.549999237060547,26.100000381469727,26.200000762939453,-3.68,True,停損洗出,-0.41,0,-1244.3,-15.8
2026-02-02,2026-02-03,4904,台灣大,60,做多,90.47,89.69,91.64,92.42,90.0999984741211,91.4000015258789,89.80000305175781,90.69999694824219,0.55,True,收盤了結(未達TP),0.23,0,-17.5,-28.8
2026-02-04,2026-02-05,2301,華碩,70,做多,174.02,171.42,177.92,180.52,170.0,172.0,165.0,165.5,-4.61,False,未觸發,,10,-514.9,9.5
2026-02-04,2026-02-05,2383,緯創,54,觀望(開高走低風險),2046.12,2015.52,2092.02,2122.62,1980.0,2035.0,1905.0,1950.0,-4.41,False,未觸發,,0,-27.6,-3.6
2026-02-05,2026-02-06,2454,聯發科,85,做多,1810.0,1783.45,1849.82,1876.38,1745.0,1755.0,1690.0,1710.0,-3.39,False,未觸發,,10,-54.2,40.4
2026-02-06,2026-02-09,2382,廣達,65,做多,281.5,277.31,287.78,291.98,284.0,285.0,281.5,284.0,1.61,True,收盤了結(未達TP),2.5,15,250.5,-17.5
2026-02-06,2026-02-09,3711,保德信,60,做多,305.41,300.84,312.27,316.84,319.5,330.0,316.5,327.0,7.39,True,達TP2,11.43,0,-210.2,-126.6
2026-02-06,2026-02-09,2356,神基,65,做多,45.45,44.79,46.44,47.1,44.75,45.099998474121094,44.349998474121094,44.79999923706055,2.28,False,未觸發,,15,159.4,-9.2
2026-02-06,2026-02-09,2392,台積電,65,做多,41.0,40.42,41.87,42.45,39.599998474121094,40.20000076293945,39.0,39.099998474121094,1.3,False,未觸發,,15,6.5,0.0
2026-02-10,2026-02-11,2301,華碩,100,做多,178.03,175.37,182.02,184.68,175.5,181.0,174.0,179.5,1.13,True,停損洗出,-2.66,25,1569.8,146.1
2026-02-10,2026-02-11,4919,中華電,65,做多,61.18,60.27,62.54,63.45,60.900001525878906,63.599998474121094,60.29999923706055,60.29999923706055,-1.15,True,達TP2,2.27,15,36.7,0.0
2026-02-11,2026-02-23,2317,鴻海,75,做多,227.68,224.4,232.6,235.88,229.5,231.0,227.0,228.5,0.66,True,收盤了結(未達TP),0.82,15,1868.7,-44.7
2026-02-12,2026-02-23,2317,鴻海,75,做多,227.68,224.4,232.6,235.88,229.5,231.0,227.0,228.5,0.66,True,收盤了結(未達TP),0.82,15,1868.7,-44.7
2026-02-13,2026-02-23,2317,鴻海,75,做多,227.68,224.4,232.6,235.88,229.5,231.0,227.0,228.5,0.66,True,收盤了結(未達TP),0.82,15,1868.7,-44.7
2026-02-16,2026-02-23,2317,鴻海,75,做多,227.68,224.4,232.6,235.88,229.5,231.0,227.0,228.5,0.66,True,收盤了結(未達TP),0.82,15,1868.7,-44.7
2026-02-17,2026-02-23,2317,鴻海,75,做多,227.68,224.4,232.6,235.88,229.5,231.0,227.0,228.5,0.66,True,收盤了結(未達TP),0.82,15,1868.7,-44.7
2026-02-18,2026-02-23,2317,鴻海,75,做多,227.68,224.4,232.6,235.88,229.5,231.0,227.0,228.5,0.66,True,收盤了結(未達TP),0.82,15,1868.7,-44.7
2026-02-19,2026-02-23,2317,鴻海,60,做多,227.68,224.4,232.6,235.88,229.5,231.0,227.0,228.5,0.66,True,收盤了結(未達TP),0.82,0,0.0,0.0
2026-02-20,2026-02-23,2317,鴻海,60,做多,227.68,224.4,232.6,235.88,229.5,231.0,227.0,228.5,0.66,True,收盤了結(未達TP),0.82,0,0.0,0.0
2026-02-23,2026-02-24,2330,台積電,75,做多,1925.0,1901.82,1959.77,1982.95,1915.0,1975.0,1915.0,1965.0,3.42,True,達TP1,34.77,0,0.0,0.0
2026-02-23,2026-02-24,2454,聯發科,60,做多,1865.0,1838.08,1905.38,1932.3,1810.0,1825.0,1795.0,1825.0,1.67,False,未觸發,,0,0.0,0.0
2026-02-23,2026-02-24,3008,大立光,50,做多,2377.11,2341.56,2430.44,2465.99,2375.0,2430.0,2360.0,2430.0,2.53,True,收盤了結(未達TP),52.89,0,0.0,0.0
2026-02-23,2026-02-24,2317,鴻海,60,做多,229.19,225.97,234.02,237.24,229.5,232.5,228.0,232.0,1.53,True,收盤了結(未達TP),2.81,0,0.0,0.0
2026-02-23,2026-02-24,2354,仁寶,60,做多,58.88,58.09,60.06,60.86,58.70000076293945,59.5,58.70000076293945,58.900001525878906,0.34,True,收盤了結(未達TP),0.02,0,0.0,0.0
2026-02-23,2026-02-24,2324,緯創,50,做多,30.8,30.36,31.46,31.9,29.700000762939453,29.950000762939453,29.5,29.649999618530273,0.51,False,未觸發,,0,0.0,0.0
2026-02-23,2026-02-24,2327,台達電,60,做多,282.34,278.12,288.67,292.89,287.0,304.0,285.5,301.0,6.93,True,達TP2,10.55,0,0.0,0.0
2026-02-23,2026-02-24,2357,華通,60,做多,526.0,518.37,537.44,545.08,509.0,520.0,507.0,515.0,1.18,False,未觸發,,0,0.0,0.0
2026-02-23,2026-02-24,4904,台灣大,100,做多,95.08,94.17,96.44,97.35,94.80000305175781,95.5999984741211,94.0999984741211,95.5999984741211,0.84,True,停損洗出,-0.91,0,0.0,0.0
2026-02-23,2026-02-24,2352,智邦,60,做多,25.93,25.54,26.52,26.91,25.850000381469727,26.399999618530273,25.850000381469727,26.299999237060547,1.74,True,收盤了結(未達TP),0.37,0,0.0,0.0
2026-02-23,2026-02-24,2392,台積電,60,做多,40.22,39.62,41.12,41.72,40.0,40.650001525878906,39.5,39.599998474121094,-1.25,True,停損洗出,-0.6,0,0.0,0.0
2026-02-24,2026-02-25,3008,大立光,60,做多,2437.29,2400.84,2491.96,2528.41,2440.0,2475.0,2395.0,2415.0,-0.62,True,停損洗出,-36.45,0,0.0,0.0
2026-02-24,2026-02-25,2327,台達電,60,做多,301.9,297.38,308.68,313.2,306.0,306.5,292.0,300.0,-0.33,True,停損洗出,-4.52,0,0.0,0.0
2026-02-24,2026-02-25,2349,中興電,50,做多,14.24,14.03,14.56,14.77,14.300000190734863,15.600000381469727,13.899999618530273,15.300000190734863,7.75,True,停損洗出,-0.21,0,0.0,0.0
2026-02-24,2026-02-25,2352,智邦,60,做多,26.38,25.99,26.96,27.36,26.350000381469727,26.700000762939453,26.200000762939453,26.25,-0.19,True,收盤了結(未達TP),-0.13,0,0.0,0.0
2026-02-24,2026-02-25,4919,中華電,54,觀望(開高走低風險),73.12,72.03,74.76,75.85,76.4000015258789,79.0,70.5,70.69999694824219,-3.02,True,停損洗出,-1.09,0,0.0,0.0
2026-02-25,2026-02-26,3008,大立光,60,做多,2430.0,2393.78,2484.33,2520.55,2430.0,2535.0,2410.0,2520.0,4.35,True,達TP2,90.55,0,0.0,0.0
2026-02-25,2026-02-26,2317,鴻海,60,觀望(開高走低風險),247.24,243.64,252.64,256.24,253.5,253.5,241.5,243.0,-1.42,True,停損洗出,-3.6,0,0.0,0.0
2026-02-25,2026-02-26,2382,廣達,75,做多,298.39,293.95,305.05,309.49,302.0,302.0,290.0,291.5,-2.02,True,停損洗出,-4.44,0,0.0,0.0
2026-02-25,2026-02-26,2354,仁寶,60,做多,60.18,59.39,61.36,62.16,60.70000076293945,60.70000076293945,59.29999923706055,59.5,-0.83,True,停損洗出,-0.79,0,0.0,0.0
2026-02-25,2026-02-26,2349,中興電,50,做多,15.35,15.12,15.7,15.93,14.449999809265137,14.800000190734863,14.199999809265137,14.550000190734863,-4.9,False,未觸發,,0,0.0,0.0
2026-02-25,2026-02-26,2356,神基,60,做多,46.54,45.84,47.59,48.29,46.400001525878906,46.5,45.5,46.25,-0.32,False,未觸發,,0,0.0,0.0
2026-02-25,2026-02-26,2392,台積電,60,做多,40.65,40.04,41.57,42.18,40.45000076293945,40.45000076293945,39.54999923706055,39.70000076293945,-1.85,False,未觸發,,0,0.0,0.0
2026-02-26,2026-03-02,2454,聯發科,45,觀望(開高走低風險),1950.83,1921.65,1994.6,2023.78,1945.0,1945.0,1880.0,1900.0,-2.31,False,未觸發,,0,0.0,0.0
2026-02-26,2026-03-02,3008,大立光,60,做多,2527.56,2489.76,2584.26,2622.06,2460.0,2485.0,2440.0,2455.0,-2.58,False,未觸發,,0,0.0,0.0
2026-02-26,2026-03-02,2301,華碩,50,做多,200.0,197.41,203.88,206.48,167.0,174.0,165.5,169.0,-2.31,False,未觸發,,0,0.0,0.0
2026-02-26,2026-03-02,2324,緯創,60,做多,31.74,31.27,32.44,32.91,31.0,31.5,30.549999237060547,31.399999618530273,-0.79,False,未觸發,,0,0.0,0.0
2026-02-26,2026-03-02,3034,威盛,60,做多,394.18,388.29,403.01,408.9,389.0,390.0,382.5,386.5,-1.65,False,未觸發,,0,0.0,0.0
2026-02-26,2026-03-02,4904,台灣大,75,做多,95.7,94.72,97.17,98.15,92.80000305175781,94.0,90.9000015258789,93.5999984741211,1.74,False,未觸發,,0,0.0,0.0
2026-02-27,2026-03-02,2454,聯發科,45,觀望(開高走低風險),1950.83,1921.65,1994.6,2023.78,1945.0,1945.0,1880.0,1900.0,-2.31,False,未觸發,,0,0.0,0.0
2026-02-27,2026-03-02,3008,大立光,60,做多,2527.56,2489.76,2584.26,2622.06,2460.0,2485.0,2440.0,2455.0,-2.58,False,未觸發,,0,0.0,0.0
2026-02-27,2026-03-02,2301,華碩,50,做多,200.0,197.41,203.88,206.48,167.0,174.0,165.5,169.0,-2.31,False,未觸發,,0,0.0,0.0
2026-02-27,2026-03-02,2324,緯創,60,做多,31.74,31.27,32.44,32.91,31.0,31.5,30.549999237060547,31.399999618530273,-0.79,False,未觸發,,0,0.0,0.0
2026-02-27,2026-03-02,3034,威盛,60,做多,394.18,388.29,403.01,408.9,389.0,390.0,382.5,386.5,-1.65,False,未觸發,,0,0.0,0.0
2026-02-27,2026-03-02,4904,台灣大,75,做多,95.7,94.72,97.17,98.15,92.80000305175781,94.0,90.9000015258789,93.5999984741211,1.74,False,未觸發,,0,0.0,0.0
2026-03-02,2026-03-03,2382,廣達,100,做多,302.0,297.49,308.76,313.27,302.0,302.0,293.0,294.5,-2.16,True,停損洗出,-4.51,25,2713.9,48.3
2026-03-02,2026-03-03,2377,台積電,75,做多,98.9,97.42,101.12,102.6,99.5,99.5,95.5,96.0,-2.64,True,停損洗出,-1.48,15,753.2,-14.4
2026-03-04,2026-03-05,2330,台積電,85,做多,1980.0,1953.5,2019.75,2046.25,1940.0,1960.0,1895.0,1900.0,1.88,False,未觸發,,10,-1953.9,262.4
2026-03-04,2026-03-05,2392,台積電,50,做多,39.05,38.51,39.86,40.4,36.70000076293945,37.349998474121094,36.400001525878906,36.79999923706055,2.22,False,未觸發,,0,-5.2,0.0
2026-03-09,2026-03-10,2330,台積電,60,做多,1900.0,1872.85,1940.73,1967.88,1870.0,1890.0,1830.0,1850.0,2.21,False,未觸發,,10,-1953.9,262.4
2026-03-09,2026-03-10,3034,威盛,60,做多,380.14,374.45,388.67,394.37,381.5,384.5,375.5,384.5,1.45,True,收盤了結(未達TP),4.36,0,-35.9,-11.9
2026-03-09,2026-03-10,2379,智原,70,做多,485.45,478.19,496.34,503.6,471.0,473.5,453.5,460.0,-4.96,False,未觸發,,10,-77.2,0.3
2026-03-09,2026-03-10,4904,台灣大,75,做多,93.1,91.97,94.79,95.92,92.69999694824219,92.69999694824219,90.69999694824219,90.9000015258789,-0.66,False,未觸發,,25,105.5,8.9
2026-03-11,2026-03-12,2353,聯發科,75,做多,27.68,27.27,28.3,28.7,27.799999237060547,28.399999618530273,27.5,27.899999618530273,1.09,True,達TP1,0.62,15,2000.0,-10.5
2026-03-11,2026-03-12,2357,華通,85,觀望(開高走低風險),585.75,576.99,598.89,607.65,591.0,593.0,574.0,581.0,-0.51,True,停損洗出,-8.76,25,231.1,6.1
2026-03-11,2026-03-12,2349,中興電,65,做多,13.59,13.39,13.89,14.09,13.399999618530273,13.5,13.0,13.100000381469727,-3.32,False,未觸發,,15,71.5,0.0
2026-03-11,2026-03-12,2356,神基,65,做多,43.13,42.48,44.11,44.76,42.5,43.29999923706055,42.349998474121094,42.95000076293945,-0.12,True,停損洗出,-0.65,15,784.3,-1.7
2026-03-12,2026-03-13,2357,華通,70,觀望(開高走低風險),584.0,575.28,597.08,605.8,574.0,594.0,573.0,589.0,1.38,True,停損洗出,-8.72,25,231.1,6.1
2026-03-16,2026-03-17,2377,台積電,85,做多,95.1,93.69,97.21,98.62,93.69999694824219,94.5,93.0,93.5999984741211,-0.43,False,未觸發,,25,171.9,0.5
2026-03-16,2026-03-17,2392,台積電,65,做多,37.71,37.15,38.55,39.11,37.29999923706055,37.900001525878906,37.04999923706055,37.5,-0.27,True,停損洗出,-0.56,15,20.4,0.0
2026-03-17,2026-03-18,2317,鴻海,75,做多,217.5,214.32,222.27,225.45,212.5,213.5,210.0,210.0,-0.94,False,未觸發,,25,1833.7,6.1
2026-03-17,2026-03-18,2327,台達電,50,做多,286.86,282.57,293.3,297.59,292.0,296.0,276.5,280.5,-1.92,True,停損洗出,-4.29,0,-248.4,-15.0
2026-03-17,2026-03-18,2356,神基,75,做多,44.13,43.47,45.12,45.78,44.650001525878906,44.95000076293945,44.099998474121094,44.349998474121094,0.8,True,收盤了結(未達TP),0.22,15,784.3,-1.7
2026-03-18,2026-03-19,2353,聯發科,90,做多,28.99,28.56,29.63,30.06,28.649999618530273,29.149999618530273,28.299999237060547,28.350000381469727,-1.9,True,停損洗出,-0.43,15,2000.0,-10.5
2026-03-18,2026-03-19,2377,台積電,100,做多,97.79,96.33,99.98,101.44,97.4000015258789,97.5,93.69999694824219,94.30000305175781,-3.28,False,未觸發,,25,171.9,0.5
2026-03-18,2026-03-19,3711,保德信,50,做多,358.57,353.21,366.61,371.97,347.5,353.0,340.5,347.0,-2.94,False,未觸發,,0,-457.2,-10.8
2026-03-19,2026-03-20,3034,威盛,65,做多,385.0,379.4,393.4,399.0,373.5,385.0,370.0,385.0,3.08,True,停損洗出,-5.6,15,40.5,-4.6
2026-03-19,2026-03-20,4904,台灣大,50,做多,94.4,93.33,96.01,97.08,92.5,94.30000305175781,92.5,94.0999984741211,1.51,False,未觸發,,0,-122.4,-0.7
2026-03-19,2026-03-20,2349,中興電,65,做多,14.44,14.22,14.77,14.99,15.800000190734863,15.800000190734863,15.800000190734863,15.800000190734863,9.72,True,達TP2,0.55,15,71.5,0.0
2026-03-19,2026-03-20,4919,中華電,54,觀望(開高走低風險),99.7,98.21,101.94,103.43,109.0,109.0,102.0,109.0,9.66,True,達TP2,3.73,0,-182.0,0.0
2026-03-20,2026-03-23,2330,台積電,50,做多,1880.0,1852.4,1921.4,1949.0,1790.0,1815.0,1785.0,1810.0,-1.63,False,未觸發,,0,-676.9,-402.8
2026-03-20,2026-03-23,2454,聯發科,65,做多,1705.0,1679.5,1743.25,1768.75,1630.0,1645.0,1600.0,1625.0,-4.41,False,未觸發,,15,110.0,-22.3
2026-03-20,2026-03-23,3034,威盛,75,做多,386.15,380.38,394.8,400.57,378.5,388.5,372.0,372.0,-3.38,True,停損洗出,-5.77,15,1548.8,-1350.8
2026-03-20,2026-03-23,2379,智原,90,做多,483.0,475.81,493.78,500.98,474.0,478.5,469.0,469.5,-2.09,False,未觸發,,15,1129.2,-1121.7
2026-03-20,2026-03-23,4904,台灣大,75,做多,94.38,93.31,95.98,97.05,92.19999694824219,93.80000305175781,91.69999694824219,93.0999984741211,-1.06,False,未觸發,,15,273.0,-30.5
2026-03-20,2026-03-23,4919,中華電,79,觀望(開高走低風險),109.33,107.69,111.79,113.43,105.5,111.5,100.5,102.0,-6.42,True,停損洗出,-1.64,25,401.1,10.0
2026-03-27,2026-03-30,2324,緯創,65,做多,32.0,31.55,32.67,33.12,29.350000381469727,29.5,28.149999618530273,28.25,-6.61,False,未觸發,,15,219.3,-5.0
2026-03-27,2026-03-30,3034,威盛,75,做多,400.2,394.21,409.19,415.18,397.0,406.0,390.0,391.0,-2.01,True,停損洗出,-5.99,15,1548.8,-1350.8
2026-03-27,2026-03-30,4904,台灣大,65,做多,93.8,92.76,95.36,96.4,91.80000305175781,92.9000015258789,90.80000305175781,91.0,-1.73,False,未觸發,,15,273.0,-30.5
2026-03-27,2026-03-30,2356,神基,75,做多,43.6,42.95,44.57,45.22,41.900001525878906,42.099998474121094,41.400001525878906,41.400001525878906,-3.94,False,未觸發,,15,26.6,-7.7
2026-03-30,2026-03-31,2382,廣達,65,做多,289.5,285.29,295.81,300.02,280.0,284.5,278.0,278.5,-0.89,False,未觸發,,15,46.3,-44.2
2026-03-30,2026-03-31,2352,智邦,75,做多,23.8,23.45,24.32,24.67,23.100000381469727,23.25,22.700000762939453,22.75,-1.52,False,未觸發,,25,68.4,1.1
2026-03-31,2026-04-01,2330,台積電,60,做多,1800.0,1773.6,1839.6,1866.0,1840.0,1855.0,1830.0,1855.0,5.4,True,達TP1,39.6,10,-2043.8,142.1
2026-03-31,2026-04-01,2317,鴻海,50,做多,195.5,192.69,199.72,202.53,195.0,197.5,194.5,197.0,5.07,True,收盤了結(未達TP),1.5,0,-2164.0,-22.5
2026-03-31,2026-04-01,2354,仁寶,60,做多,51.9,51.14,53.04,53.8,51.599998474121094,52.5,51.599998474121094,52.5,3.96,True,收盤了結(未達TP),0.6,10,-37.7,0.3
2026-03-31,2026-04-01,2379,智原,85,做多,492.5,485.33,503.25,510.43,491.5,491.5,480.5,484.5,1.36,False,未觸發,,10,-24.2,11.6
2026-03-31,2026-04-01,2356,神基,50,做多,42.1,41.5,43.0,43.6,41.099998474121094,41.25,40.54999923706055,41.099998474121094,2.62,False,未觸發,,0,-678.6,-146.3
2026-04-02,2026-04-07,2392,台積電,50,做多,35.85,35.34,36.61,37.12,33.79999923706055,33.849998474121094,33.099998474121094,33.25,-2.21,False,未觸發,,0,-79.7,0.0
2026-04-03,2026-04-07,2392,台積電,50,做多,35.85,35.34,36.61,37.12,33.79999923706055,33.849998474121094,33.099998474121094,33.25,-2.21,False,未觸發,,0,-79.7,0.0
2026-04-06,2026-04-07,2392,台積電,50,做多,35.85,35.34,36.61,37.12,33.79999923706055,33.849998474121094,33.099998474121094,33.25,-2.21,False,未觸發,,0,-79.7,0.0
2026-04-07,2026-04-08,2354,仁寶,60,做多,52.9,52.15,54.03,54.78,50.900001525878906,51.599998474121094,50.70000076293945,50.900001525878906,1.8,False,未觸發,,10,-37.7,0.3
2026-04-08,2026-04-09,2330,台積電,70,做多,1955.85,1926.6,1999.72,2028.97,1945.0,1955.0,1930.0,1955.0,0.26,False,未觸發,,10,-2043.8,142.1
2026-04-08,2026-04-09,2454,聯發科,65,做多,1584.74,1561.04,1620.29,1643.99,1600.0,1600.0,1550.0,1575.0,-0.32,True,停損洗出,-23.7,15,31.3,-85.6
2026-04-08,2026-04-09,3008,大立光,70,做多,2286.84,2252.64,2338.14,2372.34,2290.0,2295.0,2240.0,2280.0,0.0,True,停損洗出,-34.2,10,-1.8,0.5
2026-04-08,2026-04-09,2382,廣達,100,做多,308.42,303.81,315.34,319.95,304.5,314.0,295.0,313.0,1.79,True,停損洗出,-4.61,10,-200.1,27.0
2026-04-08,2026-04-09,2354,仁寶,60,做多,51.05,50.29,52.19,52.95,50.900001525878906,51.099998474121094,50.099998474121094,50.599998474121094,-0.59,True,停損洗出,-0.76,10,-37.7,0.3
2026-04-08,2026-04-09,2327,台達電,60,做多,272.31,268.24,278.41,282.49,276.0,282.0,273.0,281.5,3.68,True,達TP1,6.1,10,-583.5,6.2
2026-04-08,2026-04-09,2356,神基,60,做多,42.78,42.14,43.74,44.38,43.0,43.79999923706055,42.150001525878906,43.79999923706055,2.7,True,達TP1,0.96,0,-678.6,-146.3
2026-04-09,2026-04-10,2382,廣達,100,做多,313.94,309.25,320.98,325.66,315.0,327.5,312.0,321.5,2.72,True,達TP2,11.72,25,1488.9,42.0
2026-04-09,2026-04-10,2327,台達電,65,做多,282.34,278.12,288.67,292.89,290.0,292.0,283.0,285.0,1.24,True,達TP1,6.33,15,1908.2,-13.8
2026-04-09,2026-04-10,4904,台灣大,100,做多,95.59,94.55,97.15,98.19,94.9000015258789,95.30000305175781,94.0999984741211,94.5999984741211,-0.73,False,未觸發,,25,291.9,51.3
2026-04-09,2026-04-10,2352,智邦,75,做多,24.42,24.05,24.98,25.35,24.5,24.549999237060547,24.049999237060547,24.049999237060547,-1.23,True,停損洗出,-0.37,15,204.6,-2.6
2026-04-09,2026-04-10,2356,神基,85,做多,43.93,43.27,44.92,45.58,44.0,44.75,43.900001525878906,44.29999923706055,1.14,True,收盤了結(未達TP),0.37,25,160.0,131.6
2026-04-10,2026-04-13,2301,華碩,65,做多,161.98,159.56,165.61,168.03,159.5,159.5,153.0,153.5,-4.95,False,未觸發,,15,378.3,-2.0
2026-04-10,2026-04-13,2324,緯創,50,做多,28.28,27.86,28.91,29.33,28.25,29.100000381469727,27.700000762939453,29.0,2.84,True,停損洗出,-0.42,0,-1104.0,-89.6
2026-04-10,2026-04-13,2327,台達電,65,做多,285.85,281.58,292.26,296.53,300.5,311.0,292.0,303.5,6.49,True,達TP2,10.68,15,1908.2,-13.8
2026-04-10,2026-04-13,2353,聯發科,50,做多,27.5,27.09,28.12,28.52,27.200000762939453,27.350000381469727,27.049999237060547,27.100000381469727,-0.37,False,未觸發,,0,-391.6,-19.8
2026-04-10,2026-04-13,2377,台積電,50,做多,93.0,91.64,95.04,96.4,90.0999984741211,90.5999984741211,88.80000305175781,89.5999984741211,-1.32,False,未觸發,,0,-29.5,-0.5
2026-04-13,2026-04-14,3008,大立光,75,做多,2437.29,2400.84,2491.96,2528.41,2540.0,2670.0,2540.0,2670.0,9.88,True,達TP2,91.12,15,36.1,-0.6
2026-04-13,2026-04-14,2379,智原,100,做多,526.57,518.7,538.38,546.25,514.0,527.0,514.0,524.0,-0.19,True,停損洗出,-7.87,25,68.1,16.3
2026-04-13,2026-04-14,4919,中華電,50,做多,100.8,99.29,103.06,104.57,105.0,110.5,97.5,110.5,9.95,True,停損洗出,-1.51,0,-60.6,0.0
2026-04-14,2026-04-15,3008,大立光,66,觀望(開高走低風險),2678.01,2637.96,2738.09,2778.14,2875.0,2930.0,2750.0,2820.0,5.62,True,達TP2,100.13,15,36.1,-0.6
2026-04-14,2026-04-15,2349,中興電,65,做多,13.54,13.34,13.84,14.04,13.600000381469727,13.800000190734863,13.5,13.600000381469727,0.74,True,收盤了結(未達TP),0.06,15,30.1,0.0
2026-04-14,2026-04-15,2392,台積電,60,做多,34.3,33.79,35.06,35.57,34.54999923706055,37.599998474121094,34.5,36.54999923706055,6.87,True,達TP2,1.27,10,-16.0,0.1
2026-04-15,2026-04-16,2317,鴻海,60,做多,208.0,204.89,212.67,215.78,207.5,211.0,206.0,207.0,-0.24,True,收盤了結(未達TP),-1.0,0,-543.3,-52.5
2026-04-15,2026-04-16,2354,仁寶,70,做多,52.06,51.28,53.23,54.01,52.20000076293945,52.599998474121094,51.79999923706055,52.599998474121094,1.35,True,收盤了結(未達TP),0.54,10,-73.9,0.1
2026-04-15,2026-04-16,3034,威盛,90,做多,406.21,400.13,415.33,421.41,409.5,414.0,406.5,412.0,1.73,True,收盤了結(未達TP),5.79,15,93.6,-8.8
2026-04-15,2026-04-16,2353,聯發科,60,做多,27.55,27.16,28.13,28.52,27.75,28.649999618530273,27.75,28.399999618530273,3.27,True,達TP2,0.97,0,-391.6,-19.8
2026-04-15,2026-04-16,2352,智邦,75,做多,24.77,24.4,25.33,25.7,25.100000381469727,25.450000762939453,25.0,25.25,2.23,True,達TP1,0.56,15,204.6,-2.6
2026-04-15,2026-04-16,2392,台積電,70,做多,36.66,36.11,37.48,38.03,36.54999923706055,37.400001525878906,36.5,36.849998474121094,0.82,True,收盤了結(未達TP),0.19,10,-16.0,0.1
2026-04-16,2026-04-17,2454,聯發科,45,觀望(開高走低風險),1900.68,1872.26,1943.31,1971.73,1930.0,1955.0,1885.0,1925.0,1.58,True,達TP1,42.63,0,-72.8,-17.8
2026-04-16,2026-04-17,2379,智原,100,做多,541.62,533.67,553.55,561.5,531.0,538.0,528.0,531.0,-1.67,False,未觸發,,25,68.1,16.3
2026-04-16,2026-04-17,2353,聯發科,60,做多,28.49,28.07,29.12,29.54,28.600000381469727,28.850000381469727,28.200000762939453,28.700000762939453,1.06,True,收盤了結(未達TP),0.21,0,-391.6,-19.8
2026-04-16,2026-04-17,2349,中興電,65,做多,14.19,13.98,14.5,14.71,14.199999809265137,14.5,13.699999809265137,13.75,-2.83,True,停損洗出,-0.21,15,30.1,0.0
2026-04-17,2026-04-20,2324,緯創,45,做多,30.7,30.24,31.39,31.85,30.75,31.350000381469727,29.75,30.25,-0.33,True,停損洗出,-0.46,0,-1104.0,-89.6
2026-04-17,2026-04-20,2353,聯發科,75,做多,28.79,28.38,29.41,29.81,29.200000762939453,29.200000762939453,28.450000762939453,28.549999237060547,-0.52,True,收盤了結(未達TP),-0.24,0,-391.6,-19.8
2026-04-17,2026-04-20,2357,華通,85,做多,600.8,591.81,614.28,623.27,606.0,609.0,601.0,605.0,1.0,True,收盤了結(未達TP),4.2,10,-10.3,1.3
2026-04-17,2026-04-20,4904,台灣大,100,做多,97.69,96.72,99.14,100.11,96.80000305175781,98.5,96.19999694824219,98.19999694824219,0.82,True,停損洗出,-0.97,25,291.9,51.3
2026-04-17,2026-04-20,2356,神基,100,做多,45.89,45.2,46.92,47.61,45.95000076293945,47.25,45.54999923706055,46.599998474121094,1.86,True,達TP1,1.03,25,160.0,131.6
2026-04-20,2026-04-21,2301,華碩,90,做多,165.49,163.02,169.19,171.67,165.0,173.5,163.5,171.5,3.94,True,達TP2,6.18,15,791.5,-134.0
2026-04-20,2026-04-21,3034,威盛,75,做多,416.24,410.01,425.59,431.82,411.5,417.5,411.0,415.5,0.12,True,收盤了結(未達TP),-0.74,0,-108.5,-49.1
2026-04-20,2026-04-21,2356,神基,90,做多,46.74,46.04,47.79,48.49,47.0,47.79999923706055,46.75,47.349998474121094,1.61,True,達TP1,1.05,15,1062.0,-104.0
2026-04-21,2026-04-22,2301,華碩,60,觀望(開高走低風險),172.01,169.44,175.86,178.43,172.0,178.0,170.0,176.0,2.62,True,達TP1,3.85,15,791.5,-134.0
2026-04-21,2026-04-22,2354,仁寶,75,做多,52.96,52.17,54.14,54.94,52.79999923706055,54.5,52.099998474121094,54.20000076293945,2.65,True,停損洗出,-0.79,15,12.8,-0.1
2026-04-21,2026-04-22,4904,台灣大,85,做多,98.5,97.43,100.1,101.17,96.19999694824219,96.4000015258789,95.30000305175781,95.4000015258789,-0.21,False,未觸發,,10,-158.8,173.6
2026-04-21,2026-04-22,2377,台積電,85,做多,94.08,92.67,96.19,97.6,94.4000015258789,97.5,93.80000305175781,97.5,3.94,True,達TP1,2.11,10,-39.1,5.2
2026-04-22,2026-04-23,2454,聯發科,70,觀望(開高走低風險),2301.88,2267.45,2353.53,2387.96,2325.0,2335.0,2170.0,2215.0,-3.49,True,停損洗出,-34.43,10,-4.5,17.0
2026-04-22,2026-04-23,2317,鴻海,90,做多,221.66,218.34,226.64,229.96,229.5,233.0,218.0,225.0,1.81,True,停損洗出,-3.32,15,987.6,-26.6
2026-04-22,2026-04-23,2354,仁寶,90,做多,54.36,53.55,55.58,56.39,54.20000076293945,54.5,51.5,52.29999923706055,-3.51,True,停損洗出,-0.81,15,12.8,-0.1
2026-04-22,2026-04-23,3034,威盛,100,做多,433.8,427.31,443.54,450.03,438.0,438.0,406.0,406.0,-6.13,True,停損洗出,-6.49,0,-108.5,-49.1
2026-04-22,2026-04-23,2377,台積電,85,做多,97.79,96.33,99.98,101.44,99.0,106.0,97.5999984741211,98.0,0.51,True,達TP2,3.65,10,-39.1,5.2
2026-04-23,2026-04-24,2330,台積電,85,做多,2086.24,2056.42,2130.97,2160.79,2110.0,2190.0,2105.0,2185.0,5.05,True,達TP2,74.55,10,-303.3,66.1
2026-04-23,2026-04-24,2301,華碩,65,做多,178.0,175.53,181.7,184.18,166.0,170.5,162.5,169.5,3.04,False,未觸發,,15,791.5,-134.0
2026-04-23,2026-04-24,2327,台達電,65,做多,329.0,324.57,335.64,340.08,295.5,301.0,290.0,297.0,0.68,False,未觸發,,15,77.8,-12.3
2026-04-23,2026-04-24,3034,威盛,60,做多,434.5,428.41,443.63,449.72,412.5,428.0,411.5,418.0,2.96,False,未觸發,,0,-108.5,-49.1
2026-04-23,2026-04-24,2379,智原,75,做多,567.0,558.87,579.19,587.33,542.0,544.0,530.0,539.0,-0.55,False,未觸發,,15,255.9,-82.1
2026-04-23,2026-04-24,2377,台積電,70,做多,98.29,96.82,100.5,101.97,98.5,98.69999694824219,93.0999984741211,95.0999984741211,-2.96,True,停損洗出,-1.47,10,-39.1,5.2
2026-04-24,2026-04-27,2330,台積電,70,觀望(開高走低風險),2191.55,2159.15,2240.15,2272.55,2280.0,2330.0,2265.0,2265.0,3.66,True,達TP2,81.0,10,-303.3,66.1
2026-04-27,2026-04-28,2330,台積電,55,觀望(開高走低風險),2271.79,2237.82,2322.74,2356.71,2245.0,2280.0,2215.0,2215.0,-2.21,True,停損洗出,-33.97,10,-303.3,66.1
2026-04-30,2026-05-04,2301,華碩,65,做多,174.0,171.51,177.74,180.23,168.5,175.5,168.0,171.5,3.31,True,停損洗出,-2.49,15,396.7,-41.3
2026-04-30,2026-05-04,2354,仁寶,85,做多,51.96,51.18,53.13,53.91,52.0,54.0,52.0,53.20000076293945,2.7,True,達TP2,1.95,25,1.4,0.3
2026-04-30,2026-05-04,3711,保德信,60,做多,492.0,484.83,502.75,509.93,497.0,525.0,497.0,525.0,9.83,True,達TP2,17.93,10,-513.6,68.1
2026-05-01,2026-05-04,2301,華碩,65,做多,174.0,171.51,177.74,180.23,168.5,175.5,168.0,171.5,3.31,True,停損洗出,-2.49,15,396.7,-41.3
2026-05-01,2026-05-04,2354,仁寶,85,做多,51.96,51.18,53.13,53.91,52.0,54.0,52.0,53.20000076293945,2.7,True,達TP2,1.95,25,1.4,0.3
2026-05-01,2026-05-04,3711,保德信,60,做多,492.0,484.83,502.75,509.93,497.0,525.0,497.0,525.0,9.83,True,達TP2,17.93,10,-513.6,68.1
2026-05-04,2026-05-05,2354,仁寶,85,做多,53.36,52.56,54.56,55.36,56.5,58.5,55.70000076293945,58.5,9.96,True,達TP2,2.0,25,1.4,0.3
2026-05-04,2026-05-05,2353,聯發科,75,做多,28.13,27.74,28.71,29.11,28.049999237060547,28.200000762939453,27.649999618530273,27.75,-1.07,True,停損洗出,-0.39,15,57.2,-288.4
2026-05-04,2026-05-05,2357,華通,60,做多,592.77,584.18,605.65,614.25,590.0,594.0,588.0,590.0,-0.17,True,收盤了結(未達TP),-2.77,0,-45.6,-33.5
2026-05-04,2026-05-05,4919,中華電,54,觀望(開高走低風險),162.49,160.06,166.14,168.57,162.5,167.5,160.0,165.0,1.85,True,停損洗出,-2.43,0,-28.4,0.0
2026-05-04,2026-05-05,2392,台積電,75,做多,38.15,37.59,38.99,39.55,37.5,39.29999923706055,37.29999923706055,38.349998474121094,3.23,True,停損洗出,-0.56,15,3.6,0.0
2026-05-05,2026-05-06,2317,鴻海,85,觀望(開高走低風險),240.22,236.63,245.61,249.19,246.5,253.0,245.0,252.0,5.22,True,達TP2,8.97,25,272.5,77.9
2026-05-05,2026-05-06,2354,仁寶,85,觀望(開高走低風險),58.68,57.8,60.0,60.88,62.0,64.30000305175781,60.20000076293945,64.30000305175781,9.91,True,達TP2,2.2,25,1.4,0.3
2026-05-05,2026-05-06,2352,智邦,75,做多,25.02,24.65,25.58,25.95,25.049999237060547,26.0,24.75,25.850000381469727,3.61,True,達TP2,0.93,15,56.4,-0.4
2026-05-05,2026-05-06,2392,台積電,75,做多,38.47,37.89,39.34,39.92,38.650001525878906,39.25,37.79999923706055,39.0,1.69,True,停損洗出,-0.58,15,3.6,0.0
2026-05-06,2026-05-07,2454,聯發科,55,觀望(開高走低風險),3440.29,3388.84,3517.46,3568.91,3430.0,3430.0,3295.0,3420.0,-0.29,False,未觸發,,10,-200.3,137.4
2026-05-06,2026-05-07,2317,鴻海,85,觀望(開高走低風險),252.76,248.98,258.43,262.21,255.0,258.0,250.0,253.5,0.6,True,收盤了結(未達TP),0.74,25,272.5,77.9
2026-05-06,2026-05-07,2382,廣達,100,做多,347.54,342.34,355.34,360.54,349.0,352.5,341.0,344.0,-0.72,True,停損洗出,-5.2,15,183.3,-52.9
2026-05-06,2026-05-07,2354,仁寶,85,觀望(開高走低風險),64.49,63.53,65.93,66.89,64.80000305175781,65.30000305175781,62.5,63.29999923706055,-1.56,True,停損洗出,-0.96,25,1.4,0.3
2026-05-06,2026-05-07,2324,緯創,50,做多,29.45,29.01,30.11,30.55,29.299999237060547,29.5,29.0,29.450000762939453,0.86,True,停損洗出,-0.44,0,-481.1,-408.5
2026-05-06,2026-05-07,3034,威盛,100,做多,442.82,436.2,452.75,459.37,448.0,453.0,440.0,453.0,2.6,True,達TP1,9.93,15,8.4,-45.9
2026-05-06,2026-05-07,2357,華通,75,做多,630.89,621.46,645.03,654.46,633.0,655.0,625.0,639.0,1.59,True,達TP2,23.57,0,-45.6,-33.5
2026-05-06,2026-05-07,2349,中興電,50,做多,12.7,12.51,12.98,13.17,12.5,13.199999809265137,12.350000381469727,12.800000190734863,2.81,True,停損洗出,-0.19,0,-18.2,0.0
2026-05-06,2026-05-07,2352,智邦,75,做多,25.93,25.54,26.52,26.91,25.850000381469727,25.850000381469727,25.0,25.200000762939453,-2.51,False,未觸發,,15,56.4,-0.4
2026-05-06,2026-05-07,2377,台積電,90,做多,100.3,98.8,102.55,104.05,101.5,103.5,99.0999984741211,101.0,1.0,True,達TP1,2.25,15,250.3,-4.7
2026-05-06,2026-05-07,2356,神基,75,做多,49.35,48.61,50.46,51.2,49.54999923706055,50.599998474121094,48.5,49.95000076293945,1.52,True,停損洗出,-0.74,15,152.8,-76.6
2026-05-07,2026-05-08,2324,緯創,50,做多,29.5,29.06,30.16,30.6,29.899999618530273,30.25,29.149999618530273,29.649999618530273,0.68,True,達TP1,0.66,0,-481.1,-408.5
2026-05-07,2026-05-08,3034,威盛,100,做多,454.36,447.56,464.56,471.36,464.0,498.0,455.5,498.0,9.93,True,達TP2,17.0,15,8.4,-45.9
2026-05-07,2026-05-08,2357,華通,75,做多,640.92,631.33,655.3,664.89,640.0,670.0,638.0,650.0,1.72,True,達TP2,23.97,0,-45.6,-33.5
2026-05-07,2026-05-08,2352,智邦,75,做多,26.0,25.62,26.57,26.95,25.100000381469727,25.399999618530273,24.799999237060547,24.850000381469727,-1.39,False,未觸發,,15,56.4,-0.4
2026-05-07,2026-05-08,4919,中華電,54,觀望(開高走低風險),177.53,174.88,181.5,184.16,172.5,179.0,164.0,167.5,-5.37,True,停損洗出,-2.65,0,-28.4,0.0
2026-05-07,2026-05-08,2356,神基,90,做多,50.1,49.35,51.23,51.98,50.0,51.0,48.849998474121094,49.54999923706055,-0.8,True,停損洗出,-0.75,15,152.8,-76.6
2026-05-07,2026-05-08,2392,台積電,90,做多,40.62,40.01,41.53,42.14,40.900001525878906,41.150001525878906,38.79999923706055,38.79999923706055,-4.2,True,停損洗出,-0.61,15,3.6,0.0
2026-05-08,2026-05-11,2324,緯創,50,做多,29.74,29.3,30.4,30.84,29.899999618530273,31.100000381469727,29.25,30.799999237060547,3.88,True,停損洗出,-0.44,0,-642.2,-44.2
2026-05-08,2026-05-11,3034,威盛,85,觀望(開高走低風險),499.49,492.02,510.7,518.17,500.0,503.0,486.0,496.5,-0.3,True,停損洗出,-7.47,25,202.5,64.6
2026-05-08,2026-05-11,2379,智原,100,做多,593.78,584.9,607.1,615.98,615.0,615.0,581.0,584.0,-1.35,True,停損洗出,-8.88,15,188.2,-26.4
2026-05-08,2026-05-11,2357,華通,90,做多,655.0,645.25,669.62,679.38,661.0,699.0,658.0,686.0,5.54,True,達TP2,24.38,15,322.0,-99.7
2026-05-08,2026-05-11,4904,台灣大,85,做多,96.3,95.25,97.88,98.93,96.30000305175781,96.9000015258789,95.9000015258789,96.19999694824219,0.31,True,收盤了結(未達TP),-0.1,25,91.3,48.1
2026-05-11,2026-05-12,2324,緯創,60,做多,30.89,30.43,31.58,32.04,30.700000762939453,30.75,29.299999237060547,29.899999618530273,-2.92,False,未觸發,,0,-642.2,-44.2
2026-05-11,2026-05-12,3034,威盛,70,觀望(開高走低風險),498.0,490.55,509.17,516.62,497.5,500.0,476.0,487.0,-1.91,True,停損洗出,-7.45,25,202.5,64.6
2026-05-11,2026-05-12,2379,智原,75,做多,592.0,583.24,605.14,613.9,581.0,583.0,555.0,555.0,-4.97,False,未觸發,,15,188.2,-26.4
2026-05-11,2026-05-12,2353,聯發科,60,做多,28.89,28.48,29.51,29.91,28.950000762939453,29.049999237060547,28.200000762939453,28.299999237060547,-1.74,True,停損洗出,-0.41,0,-504.2,-241.5
2026-05-11,2026-05-12,2377,台積電,70,觀望(開高走低風險),107.82,106.21,110.23,111.84,114.0,118.0,103.5,105.0,-2.33,True,停損洗出,-1.61,25,256.0,0.6
2026-05-11,2026-05-12,4919,中華電,54,觀望(開高走低風險),184.55,181.79,188.69,191.45,186.0,197.0,179.5,181.0,-1.63,True,停損洗出,-2.76,0,-306.5,0.0
2026-05-12,2026-05-13,3008,大立光,60,做多,2803.38,2761.45,2866.28,2908.21,2870.0,2870.0,2735.0,2850.0,1.97,True,停損洗出,-41.93,0,-5.8,-0.0
2026-05-12,2026-05-13,2349,中興電,60,做多,13.29,13.09,13.59,13.79,13.0,13.0,12.5,12.600000381469727,-4.91,False,未觸發,,0,-189.7,0.0
2026-05-12,2026-05-13,2377,台積電,75,做多,109.5,107.92,111.87,113.45,108.0,115.5,105.0,115.5,10.0,True,停損洗出,-1.58,25,256.0,0.6
2026-05-13,2026-05-14,3008,大立光,60,做多,2858.55,2815.8,2922.68,2965.43,2930.0,3135.0,2895.0,3135.0,10.0,True,達TP2,106.88,0,-5.8,-0.0
2026-05-13,2026-05-14,2324,緯創,60,做多,31.39,30.92,32.09,32.56,31.600000381469727,31.799999237060547,30.149999618530273,30.25,-3.35,True,停損洗出,-0.47,0,-642.2,-44.2
2026-05-13,2026-05-14,2356,神基,60,觀望(開高走低風險),52.96,52.17,54.14,54.94,53.5,53.900001525878906,51.599998474121094,53.20000076293945,0.76,True,停損洗出,-0.79,15,971.3,-15.2
2026-05-14,2026-05-15,3008,大立光,60,觀望(開高走低風險),3144.4,3097.38,3214.93,3261.95,3290.0,3445.0,3290.0,3445.0,9.89,True,達TP2,117.55,0,-5.8,-0.0
2026-05-14,2026-05-15,2382,廣達,85,做多,343.0,337.98,350.53,355.55,310.0,317.0,305.0,306.0,-8.52,False,未觸發,,25,138.4,16.5
2026-05-15,2026-05-18,2317,鴻海,85,做多,255.0,251.27,260.59,264.32,251.0,251.0,241.0,248.5,0.0,False,未觸發,,25,3008.9,34.2
2026-05-18,2026-05-19,2327,台達電,79,觀望(開高走低風險),502.5,494.99,513.76,521.27,501.0,516.0,485.5,497.0,-0.8,True,停損洗出,-7.51,25,66.7,609.7
2026-05-20,2026-05-21,4904,台灣大,90,做多,99.5,98.36,101.21,102.35,97.19999694824219,97.5,95.69999694824219,95.69999694824219,-1.44,False,未觸發,,15,179.1,-3.6
2026-05-20,2026-05-21,2352,智邦,85,做多,26.13,25.74,26.71,27.11,26.450000762939453,27.450000762939453,26.100000381469727,27.200000762939453,4.41,True,達TP2,0.98,25,19.1,65.9
2026-05-21,2026-05-22,2324,緯創,60,做多,30.44,29.98,31.13,31.59,30.950000762939453,32.20000076293945,30.5,31.5,3.79,True,達TP2,1.15,0,-85.8,-1999.1
2026-05-21,2026-05-22,2353,聯發科,60,做多,28.49,28.06,29.13,29.56,28.600000381469727,29.950000762939453,28.5,29.549999237060547,4.05,True,達TP2,1.07,0,-12.4,-5.8
2026-05-21,2026-05-22,4904,台灣大,80,做多,99.4,98.26,101.11,102.25,95.69999694824219,96.69999694824219,94.69999694824219,95.5,-0.21,False,未觸發,,15,179.1,-3.6
2026-05-21,2026-05-22,2349,中興電,75,做多,12.69,12.5,12.97,13.16,12.899999618530273,13.149999618530273,12.649999618530273,13.0,2.77,True,達TP1,0.28,15,34.5,0.0
2026-05-21,2026-05-22,2352,智邦,100,做多,27.28,26.87,27.9,28.3,28.200000762939453,29.299999237060547,28.049999237060547,28.75,5.7,True,達TP2,1.02,25,19.1,65.9
2026-05-21,2026-05-22,2356,神基,100,做多,54.26,53.45,55.47,56.28,56.79999923706055,59.5,54.79999923706055,59.5,9.98,True,達TP2,2.02,25,291.4,492.3
2026-05-22,2026-05-25,2324,緯創,60,做多,31.59,31.12,32.3,32.77,33.5,34.650001525878906,33.29999923706055,34.650001525878906,10.0,True,達TP2,1.18,0,-85.8,-1999.1
2026-05-22,2026-05-25,3034,威盛,85,做多,487.5,480.22,498.42,505.7,489.5,498.0,487.5,489.0,0.72,True,收盤了結(未達TP),1.5,25,78.6,18.1
2026-05-22,2026-05-25,2353,聯發科,60,做多,29.64,29.2,30.3,30.74,31.799999237060547,32.5,30.850000381469727,32.5,9.98,True,達TP2,1.1,0,-12.4,-5.8
2026-05-22,2026-05-25,4904,台灣大,65,做多,97.5,96.36,99.21,100.35,95.5,95.5999984741211,94.19999694824219,94.19999694824219,-1.36,False,未觸發,,15,179.1,-3.6
2026-05-22,2026-05-25,2349,中興電,75,做多,13.04,12.84,13.34,13.54,13.199999809265137,14.300000190734863,13.0,14.300000190734863,10.0,True,達TP2,0.5,15,34.5,0.0
2026-05-22,2026-05-25,2352,智邦,70,觀望(開高走低風險),28.84,28.41,29.48,29.91,29.299999237060547,29.299999237060547,28.100000381469727,28.649999618530273,-0.35,True,停損洗出,-0.43,25,19.1,65.9
2026-05-22,2026-05-25,2377,台積電,69,觀望(開高走低風險),124.37,122.51,127.16,129.02,131.5,136.0,127.0,127.0,2.42,True,達TP2,4.65,15,135.1,-251.9
2026-05-22,2026-05-25,2356,神基,85,觀望(開高走低風險),59.68,58.79,61.02,61.91,65.4000015258789,65.4000015258789,62.900001525878906,65.4000015258789,9.92,True,達TP2,2.23,25,291.4,492.3
2026-05-25,2026-05-26,2317,鴻海,90,做多,261.78,257.86,267.66,271.58,262.5,263.5,257.0,259.0,-0.77,True,停損洗出,-3.92,15,485.7,-232.1
2026-05-25,2026-05-26,2354,仁寶,60,做多,61.28,60.36,62.66,63.58,61.599998474121094,61.900001525878906,59.5,60.5,-0.98,True,停損洗出,-0.92,0,-95.1,-0.1
2026-05-25,2026-05-26,2324,緯創,60,觀望(開高走低風險),34.75,34.23,35.53,36.05,35.95000076293945,35.95000076293945,32.79999923706055,33.599998474121094,-3.03,True,停損洗出,-0.52,0,-85.8,-1999.1
2026-05-25,2026-05-26,2353,聯發科,60,觀望(開高走低風險),32.6,32.11,33.34,33.83,34.25,34.25,31.200000762939453,31.899999618530273,-1.85,True,停損洗出,-0.49,0,-12.4,-5.8
2026-05-25,2026-05-26,2357,華通,70,觀望(開高走低風險),711.13,700.5,727.08,737.7,711.0,717.0,694.0,699.0,-1.41,True,停損洗出,-10.63,25,14.0,31.2
2026-05-25,2026-05-26,2349,中興電,60,觀望(開高走低風險),14.34,14.13,14.65,14.86,14.550000190734863,14.600000381469727,13.199999809265137,13.5,-5.59,True,停損洗出,-0.21,15,34.5,0.0
2026-05-25,2026-05-26,4919,中華電,64,觀望(開高走低風險),219.66,216.38,224.58,227.86,226.0,230.0,206.0,211.0,-3.65,True,停損洗出,-3.28,10,-196.5,124.5
2026-05-25,2026-05-26,2356,神基,85,觀望(開高走低風險),65.6,64.62,67.07,68.05,69.0,69.5,61.5,62.599998474121094,-4.28,True,停損洗出,-0.98,25,291.4,492.3
2026-05-26,2026-05-27,2349,中興電,65,做多,14.3,14.1,14.6,14.8,13.5,14.199999809265137,13.25,13.850000381469727,2.59,False,未觸發,,15,34.5,0.0
2026-05-27,2026-05-28,2379,智原,75,做多,606.81,597.73,620.43,629.51,605.0,616.0,593.0,594.0,-1.82,True,停損洗出,-9.08,15,222.5,-65.2
2026-05-28,2026-05-29,2330,台積電,85,做多,2330.0,2295.57,2381.64,2416.07,2340.0,2375.0,2330.0,2355.0,2.61,True,收盤了結(未達TP),25.0,10,-707.9,46.5
2026-05-29,2026-06-01,2330,台積電,85,做多,2360.0,2324.68,2412.98,2448.3,2355.0,2415.0,2350.0,2355.0,0.0,True,達TP1,52.98,10,-707.9,46.5
2026-05-29,2026-06-01,2317,鴻海,85,觀望(開高走低風險),289.87,285.54,296.37,300.69,302.0,304.5,293.0,293.5,1.56,True,達TP2,10.82,25,1286.6,13.0
2026-05-29,2026-06-01,2382,廣達,70,做多,340.02,334.94,347.64,352.72,366.0,372.5,361.0,372.5,9.88,True,達TP2,12.7,10,-1768.5,1261.2
2026-05-29,2026-06-01,2354,仁寶,70,做多,61.08,60.17,62.44,63.35,61.599998474121094,64.0,61.400001525878906,62.79999923706055,3.12,True,達TP2,2.27,10,-137.7,0.2
2026-05-29,2026-06-01,2324,緯創,69,觀望(開高走低風險),36.81,36.26,37.64,38.19,40.04999923706055,40.349998474121094,40.04999923706055,40.349998474121094,9.95,True,達TP2,1.38,15,1950.7,-772.6
2026-05-29,2026-06-01,3034,威盛,85,做多,496.0,488.85,506.72,513.88,484.0,497.0,480.0,496.5,4.09,True,停損洗出,-7.15,10,-48.6,76.7
2026-05-29,2026-06-01,2379,智原,70,做多,616.0,607.3,629.05,637.75,595.0,610.0,583.0,609.0,5.0,False,未觸發,,10,-10.7,58.7
2026-05-29,2026-06-01,2357,華通,70,觀望(開高走低風險),763.28,751.87,780.39,791.8,837.0,837.0,837.0,837.0,9.99,True,達TP2,28.52,10,-85.9,49.7
2026-05-29,2026-06-01,4904,台灣大,60,做多,94.9,93.8,96.55,97.65,95.4000015258789,97.5999984741211,94.5999984741211,97.0999984741211,2.64,True,達TP1,1.65,10,-337.9,289.4
2026-05-29,2026-06-01,2383,緯創,75,做多,5515.0,5438.2,5630.2,5707.0,5130.0,5280.0,4985.0,5070.0,-0.98,False,未觸發,,10,-13.6,4.9
2026-05-29,2026-06-01,2356,神基,79,觀望(開高走低風險),70.41,69.36,71.98,73.03,71.5,77.19999694824219,69.19999694824219,77.19999694824219,9.97,True,停損洗出,-1.05,25,2587.8,770.8
2026-05-29,2026-06-01,2392,台積電,75,做多,39.37,38.78,40.25,40.84,40.04999923706055,42.20000076293945,39.70000076293945,41.849998474121094,6.62,True,達TP2,1.47,15,47.2,0.0
2026-06-01,2026-06-02,2354,仁寶,70,做多,62.99,62.05,64.4,65.34,63.5,64.5,62.79999923706055,64.0,1.91,True,達TP1,1.41,10,-137.7,0.2
2026-06-01,2026-06-02,2352,智邦,45,觀望(開高走低風險),30.74,30.28,31.43,31.89,30.649999618530273,31.5,30.149999618530273,31.5,2.77,True,停損洗出,-0.46,0,-60.8,0.0
2026-06-01,2026-06-02,2356,神基,79,觀望(開高走低風險),77.43,76.27,79.17,80.33,77.0,83.5,75.30000305175781,80.5999984741211,4.4,True,停損洗出,-1.16,25,2587.8,770.8
2026-06-01,2026-06-02,2392,台積電,60,觀望(開高走低風險),41.98,41.35,42.92,43.55,42.29999923706055,42.29999923706055,40.400001525878906,41.75,-0.24,True,停損洗出,-0.63,15,47.2,0.0
2026-06-02,2026-06-03,2354,仁寶,70,做多,64.19,63.23,65.63,66.59,65.0,66.4000015258789,63.20000076293945,65.0999984741211,1.72,True,停損洗出,-0.96,10,-137.7,0.2
2026-06-02,2026-06-03,3034,威盛,85,做多,508.52,500.91,519.93,527.54,511.0,512.0,500.0,503.0,-0.79,True,停損洗出,-7.61,10,-48.6,76.7
2026-06-02,2026-06-03,2379,智原,70,觀望(開高走低風險),654.96,645.17,669.65,679.44,685.0,689.0,642.0,646.0,-1.07,True,停損洗出,-9.79,10,-10.7,58.7
2026-06-02,2026-06-03,2353,聯發科,75,觀望(開高走低風險),42.68,42.04,43.64,44.28,44.0,44.20000076293945,41.79999923706055,43.400001525878906,2.0,True,停損洗出,-0.64,15,1278.3,-89.8
2026-06-02,2026-06-03,2357,華通,70,觀望(開高走低風險),922.76,908.96,943.46,957.26,954.0,964.0,899.0,931.0,1.2,True,停損洗出,-13.8,10,-85.9,49.7
2026-06-02,2026-06-03,2352,智邦,60,觀望(開高走低風險),31.59,31.12,32.3,32.77,33.75,34.650001525878906,33.70000076293945,34.650001525878906,10.0,True,達TP2,1.18,0,-60.8,0.0
2026-06-03,2026-06-04,2354,仁寶,85,做多,65.3,64.32,66.77,67.75,64.5999984741211,64.80000305175781,62.20000076293945,62.29999923706055,-4.3,False,未觸發,,10,-137.7,0.2
2026-06-03,2026-06-04,2353,聯發科,60,觀望(開高走低風險),43.53,42.88,44.5,45.16,42.400001525878906,42.599998474121094,39.099998474121094,39.099998474121094,-9.91,False,未觸發,,15,1278.3,-89.8
2026-06-03,2026-06-04,2349,中興電,69,觀望(開高走低風險),16.2,15.96,16.56,16.8,16.0,16.100000381469727,14.800000190734863,14.899999618530273,-7.74,False,未觸發,,15,224.2,0.0
2026-06-03,2026-06-04,2392,台積電,75,觀望(開高走低風險),44.28,43.62,45.27,45.93,44.0,44.0,41.650001525878906,42.0,-4.87,False,未觸發,,15,47.2,0.0
2026-06-08,2026-06-09,2330,台積電,85,做多,2405.0,2370.57,2456.64,2491.07,2305.0,2320.0,2295.0,2305.0,0.44,False,未觸發,,10,-2046.5,73.0
2026-06-16,2026-06-17,4904,台灣大,75,觀望(開高走低風險),112.84,111.27,115.2,116.77,112.5,113.5,107.5,109.5,-2.67,True,停損洗出,-1.57,15,116.0,-197.6
2026-06-17,2026-06-18,3034,威盛,90,做多,516.54,508.81,528.13,535.86,518.0,540.0,514.0,516.0,0.19,True,達TP2,19.32,15,109.6,-40.0
2026-06-17,2026-06-18,2353,聯發科,55,做多,39.25,38.73,40.03,40.55,35.04999923706055,35.29999923706055,34.349998474121094,34.400001525878906,-1.71,False,未觸發,,0,-31.4,-20.7
2026-06-18,2026-06-22,2330,台積電,75,做多,2417.23,2382.84,2468.81,2503.2,2455.0,2510.0,2455.0,2510.0,4.15,True,達TP2,85.97,0,-687.7,-31.7
2026-06-18,2026-06-22,2354,仁寶,65,做多,58.07,57.2,59.38,60.24,58.400001525878906,58.70000076293945,57.5,58.0,0.17,True,收盤了結(未達TP),-0.07,15,85.4,-0.1
2026-06-18,2026-06-22,2327,台達電,64,觀望(開高走低風險),1083.24,1067.04,1107.54,1123.74,1115.0,1120.0,1040.0,1065.0,-1.39,True,停損洗出,-16.2,10,-630.6,293.9
2026-06-18,2026-06-22,3034,威盛,75,做多,519.0,511.26,530.61,538.35,529.0,567.0,526.0,567.0,9.88,True,達TP2,19.35,15,109.6,-40.0
2026-06-18,2026-06-22,2379,智原,79,觀望(開高走低風險),821.46,809.18,839.88,852.16,840.0,900.0,840.0,900.0,9.89,True,達TP2,30.7,25,57.2,14.7
2026-06-18,2026-06-22,2357,華通,65,做多,803.0,791.16,820.76,832.6,793.0,806.0,788.0,788.0,-0.13,True,停損洗出,-11.84,15,48.9,-21.0
2026-06-18,2026-06-22,4904,台灣大,90,做多,113.5,111.87,115.94,117.57,108.0,109.5,104.5,108.0,-0.46,False,未觸發,,15,448.8,-488.4
2026-06-18,2026-06-22,3711,保德信,50,做多,614.84,605.64,628.64,637.84,660.0,674.0,652.0,674.0,9.95,True,達TP2,23.0,0,-84.7,-224.7
2026-06-19,2026-06-22,2330,台積電,75,做多,2417.23,2382.84,2468.81,2503.2,2455.0,2510.0,2455.0,2510.0,4.15,True,達TP2,85.97,0,-687.7,-31.7
2026-06-19,2026-06-22,2354,仁寶,65,做多,58.07,57.2,59.38,60.24,58.400001525878906,58.70000076293945,57.5,58.0,0.17,True,收盤了結(未達TP),-0.07,15,85.4,-0.1
2026-06-19,2026-06-22,2327,台達電,64,觀望(開高走低風險),1083.24,1067.04,1107.54,1123.74,1115.0,1120.0,1040.0,1065.0,-1.39,True,停損洗出,-16.2,10,-630.6,293.9
2026-06-19,2026-06-22,3034,威盛,75,做多,519.0,511.26,530.61,538.35,529.0,567.0,526.0,567.0,9.88,True,達TP2,19.35,15,109.6,-40.0
2026-06-19,2026-06-22,2379,智原,79,觀望(開高走低風險),821.46,809.18,839.88,852.16,840.0,900.0,840.0,900.0,9.89,True,達TP2,30.7,25,57.2,14.7
2026-06-19,2026-06-22,2357,華通,65,做多,803.0,791.16,820.76,832.6,793.0,806.0,788.0,788.0,-0.13,True,停損洗出,-11.84,15,48.9,-21.0
2026-06-19,2026-06-22,4904,台灣大,90,做多,113.5,111.87,115.94,117.57,108.0,109.5,104.5,108.0,-0.46,False,未觸發,,15,448.8,-488.4
2026-06-19,2026-06-22,3711,保德信,50,做多,614.84,605.64,628.64,637.84,660.0,674.0,652.0,674.0,9.95,True,達TP2,23.0,0,-84.7,-224.7
2026-06-22,2026-06-23,2301,華碩,65,做多,232.19,228.72,237.39,240.87,234.5,241.0,223.5,223.5,-3.46,True,停損洗出,-3.47,15,25.8,-20.2
2026-06-22,2026-06-23,2354,仁寶,65,做多,58.2,57.33,59.51,60.38,58.0,58.400001525878906,56.5,56.599998474121094,-2.41,True,停損洗出,-0.87,15,85.4,-0.1
2026-06-22,2026-06-23,3034,威盛,75,觀望(開高走低風險),568.7,560.2,581.45,589.95,600.0,606.0,543.0,544.0,-4.06,True,停損洗出,-8.5,15,109.6,-40.0
2026-06-22,2026-06-23,2379,智原,79,觀望(開高走低風險),902.7,889.2,922.95,936.45,948.0,970.0,857.0,863.0,-4.11,True,停損洗出,-13.5,25,57.2,14.7
2026-06-22,2026-06-23,4904,台灣大,90,做多,110.5,108.88,112.93,114.55,108.5,109.5,105.5,107.0,-0.93,False,未觸發,,15,448.8,-488.4
2026-06-22,2026-06-23,3711,保德信,45,觀望(開高走低風險),676.02,665.91,691.18,701.3,679.0,700.0,662.0,662.0,-1.78,True,停損洗出,-10.11,0,-84.7,-224.7
2026-06-23,2026-06-24,3034,威盛,75,做多,567.0,558.84,579.24,587.4,540.0,546.0,525.0,543.0,-0.18,False,未觸發,,15,109.6,-40.0
2026-06-23,2026-06-24,4904,台灣大,90,做多,109.5,107.89,111.91,113.53,107.5,107.5,104.0,107.0,0.0,False,未觸發,,15,448.8,-488.4
2026-06-23,2026-06-24,2352,智邦,100,做多,31.8,31.33,32.5,32.97,30.75,31.350000381469727,30.25,30.600000381469727,-1.61,False,未觸發,,25,76.1,3.8
2026-06-24,2026-06-25,2330,台積電,75,做多,2535.0,2499.15,2588.77,2624.62,2410.0,2420.0,2390.0,2390.0,0.0,False,未觸發,,0,-687.7,-31.7
2026-06-26,2026-06-29,3008,大立光,50,做多,5235.0,5164.2,5341.2,5412.0,4640.0,4730.0,4315.0,4380.0,-7.2,False,未觸發,,0,-17.3,-13.8
2026-06-29,2026-06-30,2377,台積電,75,做多,139.42,137.33,142.55,144.64,142.0,146.0,139.5,146.0,5.04,True,達TP2,5.22,25,151.2,318.0
2026-06-30,2026-07-01,2352,智邦,70,做多,34.2,33.69,34.97,35.48,34.099998474121094,34.75,32.25,32.349998474121094,-5.13,True,停損洗出,-0.51,10,-407.7,364.8
2026-06-30,2026-07-01,2377,台積電,85,做多,146.44,144.25,149.72,151.91,147.0,147.0,139.5,145.5,-0.34,True,停損洗出,-2.19,25,151.2,318.0
2026-07-01,2026-07-02,2377,台積電,85,做多,146.0,143.82,149.27,151.45,142.5,147.0,141.0,143.0,-1.72,True,停損洗出,-2.18,25,151.2,318.0
2026-07-03,2026-07-06,3711,保德信,80,做多,729.0,718.77,744.35,754.58,698.0,712.0,676.0,679.0,-0.44,False,未觸發,,15,648.3,-95.3
2026-07-03,2026-07-06,2383,緯創,69,觀望(開高走低風險),6098.24,6007.04,6235.04,6326.24,6225.0,6250.0,5475.0,5475.0,-9.95,True,停損洗出,-91.2,15,9.8,-4.5
2026-07-03,2026-07-06,2392,台積電,60,做多,39.87,39.27,40.77,41.37,40.29999923706055,41.70000076293945,39.79999923706055,39.79999923706055,0.13,True,達TP2,1.5,0,-104.4,0.0
2026-07-06,2026-07-07,2382,廣達,55,做多,379.13,373.46,387.63,393.31,374.5,380.0,372.5,373.0,-1.32,True,停損洗出,-5.67,10,-121.6,261.3
2026-07-06,2026-07-07,2354,仁寶,55,做多,58.58,57.7,59.9,60.78,58.29999923706055,59.099998474121094,56.5,56.900001525878906,-2.57,True,停損洗出,-0.88,10,-477.3,0.4
2026-07-06,2026-07-07,2352,智邦,64,觀望(開高走低風險),35.51,34.98,36.3,36.84,36.099998474121094,36.29999923706055,34.099998474121094,34.45000076293945,-2.68,True,停損洗出,-0.53,10,-407.7,364.8
2026-07-06,2026-07-07,2383,緯創,65,做多,6080.0,5997.88,6203.18,6285.3,5475.0,5550.0,5200.0,5220.0,-4.66,False,未觸發,,15,9.8,-4.5
2026-07-06,2026-07-07,2392,台積電,45,做多,40.4,39.8,41.3,41.9,40.0,40.0,37.099998474121094,37.400001525878906,-6.03,False,未觸發,,0,-104.4,0.0
2026-07-07,2026-07-08,2352,智邦,60,做多,35.4,34.88,36.18,36.7,35.400001525878906,35.70000076293945,33.650001525878906,34.400001525878906,-0.15,True,停損洗出,-0.52,10,-1023.1,713.3
2026-07-08,2026-07-09,3034,威盛,85,做多,553.0,544.84,565.24,573.4,549.0,549.0,535.0,542.0,-0.37,False,未觸發,,10,-36.3,20.7
2026-07-08,2026-07-09,2377,台積電,60,做多,143.5,141.37,146.69,148.82,143.5,147.5,141.5,145.0,2.11,True,達TP1,3.19,10,-64.5,237.4
2026-07-09,2026-07-10,2324,緯創,65,做多,36.71,36.16,37.54,38.09,36.599998474121094,36.599998474121094,36.599998474121094,36.599998474121094,0.0,False,未觸發,,15,347.8,-472.3
2026-07-09,2026-07-10,3034,威盛,85,做多,547.0,538.87,559.19,567.33,542.0,542.0,542.0,542.0,0.0,False,未觸發,,10,-36.3,20.7
2026-07-09,2026-07-10,2377,台積電,85,做多,147.0,144.82,150.27,152.45,145.0,145.0,145.0,145.0,0.0,False,未觸發,,10,-64.5,237.4
2026-07-13,2026-07-14,2330,台積電,85,做多,2447.32,2412.82,2499.07,2533.57,2410.0,2430.0,2390.0,2420.0,-0.82,False,未觸發,,25,8.3,53.9
2026-07-13,2026-07-14,2324,緯創,60,做多,36.76,36.21,37.58,38.13,36.79999923706055,36.849998474121094,34.70000076293945,35.54999923706055,-3.0,True,停損洗出,-0.55,15,347.8,-472.3
2026-07-13,2026-07-14,2357,華通,65,做多,706.11,695.55,721.95,732.51,710.0,710.0,690.0,703.0,-0.14,True,停損洗出,-10.56,15,147.0,-79.3
2026-07-13,2026-07-14,2377,台積電,70,做多,149.95,147.71,153.31,155.55,148.0,148.0,140.5,147.0,-1.67,False,未觸發,,10,-64.5,237.4
2026-07-14,2026-07-15,2330,台積電,75,做多,2480.0,2445.82,2531.27,2565.45,2425.0,2460.0,2415.0,2440.0,0.83,False,未觸發,,25,8.3,53.9
2026-07-14,2026-07-15,2317,鴻海,60,做多,242.5,238.97,247.8,251.32,236.0,241.0,235.5,239.0,1.49,False,未觸發,,10,-1793.4,175.4
2026-07-14,2026-07-15,2382,廣達,85,做多,385.0,379.3,393.55,399.25,383.5,384.0,376.0,381.0,0.26,False,未觸發,,10,-499.1,233.7
2026-07-14,2026-07-15,2354,仁寶,50,做多,57.9,57.06,59.16,60.0,56.099998474121094,56.79999923706055,56.0,56.400001525878906,1.26,False,未觸發,,0,-102.1,0.0
2026-07-15,2026-07-16,2382,廣達,85,做多,382.14,376.43,390.7,396.41,360.5,360.5,349.0,352.0,-7.61,False,未觸發,,10,-499.1,233.7
2026-07-16,2026-07-17,2382,廣達,65,做多,384.0,378.72,391.92,397.2,346.0,349.0,324.5,325.5,-7.53,False,未觸發,,15,223.7,-166.0
2026-07-16,2026-07-17,4904,台灣大,65,做多,101.3,99.78,103.58,105.1,101.0,104.5,101.0,103.0,1.98,True,達TP1,2.28,15,848.6,-192.5
2026-07-17,2026-07-20,2324,緯創,75,做多,36.5,35.96,37.31,37.85,36.04999923706055,36.20000076293945,33.70000076293945,34.400001525878906,-4.44,False,未觸發,,0,-35.6,-213.2
2026-07-21,2026-07-22,2357,華通,90,做多,738.21,727.17,754.77,765.81,740.0,772.0,740.0,757.0,2.85,True,達TP2,27.6,15,31.0,-12.0
2026-07-22,2026-07-23,3034,威盛,65,做多,502.5,494.99,513.76,521.27,501.0,509.0,495.0,503.0,0.4,True,收盤了結(未達TP),0.5,15,123.4,-73.5
2026-07-22,2026-07-23,2377,台積電,60,做多,155.46,153.14,158.94,161.26,157.5,158.0,149.0,152.0,-1.94,True,停損洗出,-2.32,0,-67.2,-116.6
2026-07-28,2026-07-29,2330,台積電,60,做多,2365.0,2330.8,2416.3,2450.5,2260.0,2280.0,2180.0,2200.0,-3.51,False,未觸發,,10,-266.2,56.7
2026-07-28,2026-07-29,2353,聯發科,75,做多,30.35,29.92,31.0,31.43,29.100000381469727,29.549999237060547,27.700000762939453,28.649999618530273,-0.69,False,未觸發,,25,132.3,4.3
2026-07-28,2026-07-29,2392,台積電,50,做多,35.9,35.38,36.68,37.2,35.0,35.099998474121094,32.849998474121094,33.599998474121094,-3.31,False,未觸發,,0,-52.3,0.0
2026-07-29,2026-07-30,2317,鴻海,75,做多,247.0,243.44,252.34,255.9,236.0,237.5,226.5,229.5,-3.16,False,未觸發,,25,52.2,73.8
2026-07-29,2026-07-30,3034,威盛,70,做多,514.0,506.43,525.36,532.92,501.0,512.0,486.5,491.0,-2.77,False,未觸發,,25,88.5,2.0
2026-07-29,2026-07-30,2357,華通,85,做多,763.0,751.59,780.12,791.52,762.0,762.0,722.0,737.0,-3.15,False,未觸發,,10,-56.7,55.4
2026-07-29,2026-07-30,4904,台灣大,100,做多,107.5,105.9,109.9,111.5,106.5,106.5,104.0,105.5,-0.94,False,未觸發,,25,645.2,10.0
2026-07-31,2026-08-03,2330,台積電,70,做多,2432.27,2395.89,2486.84,2523.22,2390.0,2395.0,2365.0,2370.0,-2.27,False,未觸發,,10,-266.2,56.7
2026-07-31,2026-08-03,2317,鴻海,85,做多,251.25,247.49,256.89,260.65,244.5,254.0,242.5,253.0,1.0,True,停損洗出,-3.76,25,52.2,73.8
2026-07-31,2026-08-03,2354,仁寶,70,做多,56.67,55.82,57.95,58.8,56.099998474121094,56.900001525878906,55.20000076293945,56.400001525878906,-0.18,True,停損洗出,-0.85,10,-98.9,0.1
2026-07-31,2026-08-03,3034,威盛,75,做多,520.56,512.77,532.24,540.03,510.0,527.0,510.0,519.0,0.0,True,停損洗出,-7.79,25,88.5,2.0
2026-07-31,2026-08-03,2357,華通,55,觀望(開高走低風險),812.43,800.28,830.65,842.8,790.0,813.0,786.0,799.0,-1.36,True,停損洗出,-12.15,10,-56.7,55.4
2026-08-04,2026-08-05,2301,華碩,64,觀望(開高走低風險),252.76,248.98,258.43,262.21,260.0,268.5,247.0,249.0,-1.19,True,停損洗出,-3.78,10,-270.7,44.7
2026-08-05,2026-08-06,2353,聯發科,85,做多,30.34,29.89,31.02,31.46,30.100000381469727,30.450000762939453,29.75,30.0,-0.83,True,停損洗出,-0.45,25,873.7,11.1
2026-08-05,2026-08-06,2392,台積電,75,做多,37.11,36.55,37.95,38.51,36.79999923706055,37.95000076293945,36.25,37.400001525878906,1.08,True,停損洗出,-0.56,15,184.5,0.0
2026-08-06,2026-08-07,2354,仁寶,100,做多,61.18,60.27,62.54,63.45,62.70000076293945,64.80000305175781,60.79999923706055,61.79999923706055,1.31,True,達TP2,2.27,15,19.9,0.0
2026-08-10,2026-08-11,2352,智邦,75,做多,29.69,29.25,30.35,30.79,29.700000762939453,29.850000381469727,28.700000762939453,28.899999618530273,-2.36,True,停損洗出,-0.44,25,18.3,0.2
2026-08-11,2026-08-12,2327,台達電,60,做多,618.85,609.6,632.73,641.98,607.0,625.0,600.0,602.0,-2.43,True,停損洗出,-9.25,10,-819.6,111.2
2026-08-11,2026-08-12,2392,台積電,60,觀望(開高走低風險),39.72,39.13,40.6,41.19,39.79999923706055,40.95000076293945,39.70000076293945,39.79999923706055,0.51,True,達TP1,0.88,15,184.5,0.0
2026-08-12,2026-08-13,2324,緯創,100,做多,40.02,39.42,40.92,41.52,40.099998474121094,41.70000076293945,39.099998474121094,39.29999923706055,-1.5,True,停損洗出,-0.6,15,1293.2,-0.2
2026-08-12,2026-08-13,2353,聯發科,100,做多,31.85,31.37,32.57,33.05,32.20000076293945,32.5,31.5,31.549999237060547,-0.63,True,收盤了結(未達TP),-0.3,25,873.7,11.1
2026-08-12,2026-08-13,2377,台積電,69,觀望(開高走低風險),169.51,166.97,173.32,175.86,171.0,173.5,162.5,168.0,-0.59,True,停損洗出,-2.54,15,298.8,-1.2
2026-08-12,2026-08-13,2392,台積電,60,觀望(開高走低風險),40.0,39.4,40.9,41.5,40.5,40.54999923706055,38.79999923706055,39.150001525878906,-1.63,True,停損洗出,-0.6,15,184.5,0.0
2026-08-13,2026-08-14,2317,鴻海,75,做多,270.5,266.57,276.39,280.33,262.0,264.5,257.5,259.5,-0.95,False,未觸發,,15,3697.8,-110.8
2026-08-13,2026-08-14,2324,緯創,75,做多,39.9,39.31,40.79,41.38,40.29999923706055,43.20000076293945,40.29999923706055,43.20000076293945,9.92,True,達TP2,1.48,15,1293.2,-0.2
2026-08-13,2026-08-14,4904,台灣大,75,做多,102.0,100.51,104.23,105.72,98.30000305175781,99.4000015258789,98.0999984741211,99.0,-0.5,False,未觸發,,25,168.4,23.0
2026-08-13,2026-08-14,2356,神基,50,做多,71.1,70.07,72.64,73.67,71.0,73.5,69.4000015258789,69.9000015258789,1.6,True,停損洗出,-1.03,0,-510.0,-8.0
2026-08-14,2026-08-17,2382,廣達,85,做多,328.5,323.59,335.87,340.78,332.0,339.0,330.5,333.5,1.83,True,達TP1,7.37,25,663.4,14.8
2026-08-14,2026-08-17,2324,緯創,75,觀望(開高走低風險),43.33,42.68,44.3,44.95,43.349998474121094,44.95000076293945,40.95000076293945,41.650001525878906,-3.59,True,停損洗出,-0.65,15,4785.0,-4.7
2026-08-14,2026-08-17,2353,聯發科,90,做多,32.5,32.02,33.22,33.7,32.5,32.54999923706055,30.75,31.450000762939453,-2.63,True,停損洗出,-0.48,15,1112.8,-33.6
2026-08-14,2026-08-17,2357,華通,60,觀望(開高走低風險),998.99,984.05,1021.4,1036.34,985.0,986.0,921.0,938.0,-5.82,False,未觸發,,15,824.1,-21.8
2026-08-14,2026-08-17,2349,中興電,60,做多,11.63,11.46,11.89,12.05,11.399999618530273,11.75,11.199999809265137,11.600000381469727,0.0,True,停損洗出,-0.17,0,-186.6,0.0
2026-08-14,2026-08-17,2352,智邦,75,做多,29.59,29.15,30.25,30.69,29.700000762939453,29.75,28.700000762939453,29.0,-1.69,True,停損洗出,-0.44,0,-366.0,-0.9
2026-08-14,2026-08-17,2392,台積電,75,觀望(開高走低風險),43.18,42.53,44.16,44.8,43.25,44.75,42.25,43.29999923706055,0.58,True,停損洗出,-0.65,15,172.0,0.0
2026-08-19,2026-08-20,3034,威盛,60,做多,535.6,527.59,547.62,555.62,545.0,553.0,520.0,527.0,-1.31,True,停損洗出,-8.01,0,-60.0,-5.3
2026-08-19,2026-08-20,2379,智原,50,做多,740.21,729.14,756.82,767.89,742.0,745.0,696.0,703.0,-4.74,True,停損洗出,-11.07,0,-37.2,-0.6
2026-08-24,2026-08-25,2324,緯創,65,做多,41.72,41.1,42.65,43.27,41.599998474121094,41.849998474121094,39.650001525878906,40.79999923706055,-1.92,True,停損洗出,-0.62,15,4785.0,-4.7
2026-08-25,2026-08-26,2301,華碩,64,觀望(開高走低風險),296.89,292.45,303.55,307.99,295.0,312.5,291.0,307.0,3.72,True,停損洗出,-4.44,10,-65.8,251.5
2026-08-25,2026-08-26,3034,威盛,100,做多,556.66,548.33,569.15,577.48,556.0,567.0,550.0,557.0,0.36,True,收盤了結(未達TP),0.34,25,228.5,0.4
2026-08-25,2026-08-26,2349,中興電,50,做多,11.05,10.89,11.29,11.45,10.949999809265137,11.149999618530273,10.949999809265137,11.149999618530273,2.76,True,收盤了結(未達TP),0.1,0,-19.0,0.0
2026-08-25,2026-08-26,2352,智邦,60,做多,29.15,28.73,29.78,30.2,28.200000762939453,28.5,28.0,28.100000381469727,-0.18,False,未觸發,,10,-416.2,0.6
2026-08-26,2026-08-27,2354,仁寶,75,做多,61.68,60.76,63.06,63.98,61.599998474121094,65.30000305175781,61.599998474121094,64.4000015258789,4.72,True,達TP2,2.3,15,19.4,-0.2
2026-08-27,2026-08-28,2317,鴻海,50,做多,252.76,248.98,258.43,262.21,255.5,256.5,251.0,253.0,0.4,True,收盤了結(未達TP),0.24,0,-1552.2,-40.3
2026-08-27,2026-08-28,2382,廣達,85,做多,334.5,329.5,342.0,347.0,336.5,338.5,330.0,332.5,-0.3,True,收盤了結(未達TP),-2.0,25,138.9,7.4
2026-08-27,2026-08-28,2354,仁寶,90,做多,64.59,63.62,66.05,67.02,65.30000305175781,65.30000305175781,63.29999923706055,63.900001525878906,-0.78,True,停損洗出,-0.97,15,19.4,-0.2
2026-08-27,2026-08-28,2377,台積電,75,做多,147.0,144.82,150.27,152.45,146.0,146.5,144.0,145.0,0.0,False,未觸發,,25,15.6,2.4
2026-08-28,2026-08-31,2354,仁寶,90,做多,65.3,64.34,66.74,67.7,63.0,65.0999984741211,62.599998474121094,64.69999694824219,1.25,False,未觸發,,15,19.4,-0.2
2026-08-28,2026-08-31,2327,台達電,65,做多,598.79,589.83,612.23,621.19,580.0,590.0,538.0,545.0,-8.71,False,未觸發,,15,145.2,-234.2
2026-08-28,2026-08-31,3711,保德信,65,做多,622.86,613.54,636.84,646.16,601.0,601.0,565.0,584.0,-5.96,False,未觸發,,15,34.3,-149.2
2026-08-31,2026-09-01,2330,台積電,85,做多,2445.0,2416.14,2488.29,2517.15,2395.0,2440.0,2390.0,2440.0,1.46,False,未觸發,,10,-115.1,65.8
2026-08-31,2026-09-01,2382,廣達,100,做多,339.52,334.44,347.14,352.22,337.0,342.0,335.5,342.0,1.03,True,收盤了結(未達TP),2.48,25,138.9,7.4
2026-08-31,2026-09-01,2379,智原,75,做多,733.0,722.18,749.23,760.05,723.0,753.0,723.0,744.0,3.19,True,達TP1,16.23,25,44.8,1.9
2026-08-31,2026-09-01,2357,華通,60,觀望(開高走低風險),1002.0,987.01,1024.49,1039.47,1000.0,1025.0,987.0,1010.0,1.1,True,停損洗出,-14.99,15,36.9,-1.4
2026-08-31,2026-09-01,4904,台灣大,65,做多,101.5,100.26,103.36,104.6,100.5,101.0,100.0,101.0,0.0,False,未觸發,,15,381.4,-109.4
2026-08-31,2026-09-01,2377,台積電,85,做多,155.46,153.14,158.94,161.26,155.0,156.0,151.5,154.0,-0.65,True,停損洗出,-2.32,25,15.6,2.4
2026-08-31,2026-09-01,2356,神基,60,做多,66.9,65.9,68.4,69.4,66.69999694824219,68.4000015258789,66.19999694824219,66.5999984741211,-0.15,True,達TP1,1.5,0,-170.3,-7.4
2026-08-31,2026-09-01,2392,台積電,80,做多,47.2,46.53,48.21,48.88,45.79999923706055,47.95000076293945,45.20000076293945,45.900001525878906,2.0,True,停損洗出,-0.67,15,71.9,0.0
2026-09-01,2026-09-02,2379,智原,85,做多,746.23,735.07,762.97,774.13,742.0,774.0,736.0,744.0,0.0,True,達TP1,16.74,25,44.8,1.9
2026-09-01,2026-09-02,2353,聯發科,85,做多,31.85,31.37,32.57,33.05,31.5,32.20000076293945,31.299999237060547,32.150001525878906,1.26,True,停損洗出,-0.48,10,-48.5,4.2
2026-09-01,2026-09-02,2357,華通,60,觀望(開高走低風險),1013.03,997.88,1035.75,1050.9,1000.0,1020.0,993.0,1010.0,0.0,True,停損洗出,-15.15,15,36.9,-1.4
2026-09-02,2026-09-03,2353,聯發科,85,做多,32.25,31.77,32.97,33.45,32.29999923706055,32.70000076293945,31.25,31.25,-2.8,True,停損洗出,-0.48,10,-48.5,4.2
2026-09-02,2026-09-03,4904,台灣大,75,做多,102.81,101.61,104.61,105.81,102.5,103.5,102.0,103.5,0.98,True,收盤了結(未達TP),0.69,15,381.4,-109.4
2026-09-02,2026-09-03,2356,神基,60,做多,68.4,67.4,69.9,70.9,67.5,68.0999984741211,64.80000305175781,65.0,-2.4,False,未觸發,,0,-170.3,-7.4
2026-09-03,2026-09-04,2353,聯發科,70,做多,32.2,31.73,32.91,33.38,31.950000762939453,33.04999923706055,31.950000762939453,32.70000076293945,4.64,True,達TP1,0.71,10,-463.7,56.1
2026-09-04,2026-09-07,2317,鴻海,60,做多,256.77,252.93,262.53,266.37,258.5,259.0,252.5,256.0,0.0,True,停損洗出,-3.84,0,-232.3,-24.8
2026-09-04,2026-09-07,2382,廣達,100,做多,346.03,340.85,353.8,358.98,350.0,351.5,340.5,347.5,0.72,True,停損洗出,-5.18,25,377.5,17.7
2026-09-04,2026-09-07,2324,緯創,50,做多,41.72,41.1,42.65,43.27,41.599998474121094,41.599998474121094,39.20000076293945,40.04999923706055,-3.73,False,未觸發,,0,-620.3,-77.7
2026-09-04,2026-09-07,2353,聯發科,85,做多,32.8,32.31,33.53,34.02,33.0,33.04999923706055,31.649999618530273,32.29999923706055,-1.22,True,停損洗出,-0.49,10,-463.7,56.1
2026-09-04,2026-09-07,2352,智邦,70,做多,29.6,29.16,30.26,30.7,29.700000762939453,29.700000762939453,28.600000381469727,29.0,-0.85,True,停損洗出,-0.44,10,-184.8,12.5
2026-09-04,2026-09-07,2377,台積電,85,做多,162.0,159.58,165.63,168.05,164.0,164.0,156.0,158.5,-1.86,True,停損洗出,-2.42,25,36.7,4.5
2026-09-04,2026-09-07,2356,神基,75,做多,68.1,67.09,69.61,70.62,68.19999694824219,68.19999694824219,65.19999694824219,66.0999984741211,-2.07,True,停損洗出,-1.01,15,57.6,-2.9
2026-09-07,2026-09-08,2330,台積電,100,做多,2467.38,2440.1,2508.3,2535.58,2465.0,2505.0,2460.0,2470.0,0.41,True,收盤了結(未達TP),2.62,10,-96.1,5.1
2026-09-07,2026-09-08,2327,台達電,50,做多,590.77,581.93,604.03,612.87,580.0,584.0,565.0,567.0,-3.74,False,未觸發,,0,-464.1,-64.8
2026-09-07,2026-09-08,3711,保德信,75,做多,622.86,613.54,636.84,646.16,619.0,623.0,608.0,618.0,-0.48,True,停損洗出,-9.32,25,348.8,22.5
2026-09-07,2026-09-08,4919,中華電,50,做多,122.87,121.03,125.63,127.47,124.5,124.5,117.5,118.0,-3.67,True,停損洗出,-1.84,0,-28.1,0.0
2026-09-08,2026-09-09,2330,台積電,85,做多,2477.41,2450.15,2518.3,2545.56,2480.0,2490.0,2460.0,2465.0,-0.2,True,收盤了結(未達TP),-12.41,10,-96.1,5.1
2026-09-08,2026-09-09,2382,廣達,75,做多,351.5,346.58,358.88,363.8,336.5,344.0,335.0,342.0,4.27,False,未觸發,,25,377.5,17.7
2026-09-08,2026-09-09,2356,神基,65,做多,68.2,67.24,69.64,70.6,63.099998474121094,65.0999984741211,63.0,64.30000305175781,0.47,False,未觸發,,15,57.6,-2.9
2026-09-09,2026-09-10,3034,威盛,60,做多,544.63,536.49,556.84,564.98,538.0,551.0,534.0,545.0,0.37,True,停損洗出,-8.14,0,-27.4,-6.2
2026-09-11,2026-09-14,2354,仁寶,75,做多,65.9,64.91,67.39,68.38,64.69999694824219,64.9000015258789,63.29999923706055,64.69999694824219,-1.52,False,未觸發,,15,500.0,-0.6
2026-09-11,2026-09-14,2357,華通,60,做多,989.0,975.14,1009.79,1023.65,900.0,936.0,900.0,934.0,1.08,False,未觸發,,10,-47.3,35.9
2026-09-14,2026-09-15,2352,智邦,85,做多,29.0,28.57,29.64,30.07,28.75,29.049999237060547,28.299999237060547,28.299999237060547,-1.57,True,停損洗出,-0.43,10,-97.2,212.6
2026-09-15,2026-09-16,4904,台灣大,100,做多,106.82,105.64,108.59,109.77,107.0,107.0,104.0,105.0,-1.41,True,停損洗出,-1.18,25,110.6,3.4
2026-09-16,2026-09-17,2382,廣達,85,做多,341.52,336.41,349.18,354.29,341.5,346.0,340.0,344.0,1.03,True,收盤了結(未達TP),2.48,25,30.0,25.7
2026-09-16,2026-09-17,2353,聯發科,85,做多,32.1,31.62,32.82,33.3,32.0,32.79999923706055,32.0,32.400001525878906,1.25,True,收盤了結(未達TP),0.3,25,434.9,34.1
2026-09-16,2026-09-17,4904,台灣大,100,做多,107.5,106.28,109.33,110.55,105.5,107.0,104.0,106.5,1.43,False,未觸發,,25,110.6,3.4
2026-09-16,2026-09-17,2352,智邦,70,做多,29.24,28.8,29.9,30.34,29.200000762939453,29.350000381469727,28.75,29.0,-0.51,True,停損洗出,-0.44,10,-97.2,212.6
2026-09-17,2026-09-18,2382,廣達,85,做多,345.03,339.87,352.77,357.93,346.5,346.5,340.0,343.0,-0.29,True,收盤了結(未達TP),-2.03,25,30.0,25.7
2026-09-17,2026-09-18,2354,仁寶,60,做多,66.5,65.51,67.98,68.97,67.5,67.5,64.80000305175781,65.69999694824219,-0.9,True,停損洗出,-0.99,0,-62.0,0.0
2026-09-17,2026-09-18,2353,聯發科,85,做多,32.5,32.01,33.23,33.73,32.75,32.75,31.850000381469727,31.950000762939453,-1.39,True,停損洗出,-0.49,25,434.9,34.1
2026-09-17,2026-09-18,4904,台灣大,100,做多,107.0,105.73,108.91,110.17,106.0,107.0,105.5,107.0,0.47,True,停損洗出,-1.27,25,110.6,3.4
2026-09-17,2026-09-18,2352,智邦,70,做多,29.5,29.07,30.14,30.57,29.200000762939453,29.25,28.899999618530273,29.200000762939453,0.69,False,未觸發,,10,-97.2,212.6
2026-09-18,2026-09-21,2330,台積電,70,做多,2467.38,2442.75,2504.33,2528.96,2445.0,2485.0,2445.0,2480.0,0.81,True,收盤了結(未達TP),12.62,10,-1119.1,53.2
2026-09-18,2026-09-21,2454,聯發科,85,做多,4724.13,4653.48,4830.11,4900.76,4800.0,5035.0,4780.0,5010.0,6.37,True,達TP2,176.63,25,73.5,10.6
2026-09-18,2026-09-21,2317,鴻海,85,做多,253.5,249.95,258.83,262.38,251.5,252.0,249.0,250.0,-0.2,False,未觸發,,25,17.9,80.0
2026-09-18,2026-09-21,2382,廣達,100,做多,346.0,340.86,353.71,358.85,344.0,344.5,339.0,344.5,0.44,False,未觸發,,25,30.0,25.7
2026-09-18,2026-09-21,2324,緯創,50,做多,37.95,37.38,38.81,39.38,38.04999923706055,38.5,37.599998474121094,37.599998474121094,-0.27,True,收盤了結(未達TP),-0.35,0,-76.6,0.0
2026-09-18,2026-09-21,3034,威盛,100,做多,559.67,551.3,572.22,580.6,557.0,557.0,545.0,548.0,-1.79,False,未觸發,,25,186.1,0.6
2026-09-18,2026-09-21,2353,聯發科,100,做多,32.8,32.32,33.52,34.0,32.04999923706055,32.599998474121094,32.0,32.150001525878906,0.63,False,未觸發,,25,434.9,34.1
2026-09-18,2026-09-21,2357,華通,75,做多,967.0,952.6,988.6,1003.0,973.0,973.0,943.0,946.0,-1.46,True,停損洗出,-14.4,25,29.3,20.5
2026-09-18,2026-09-21,4904,台灣大,100,做多,107.32,106.08,109.18,110.42,107.0,107.0,105.0,106.0,-0.93,False,未觸發,,25,110.6,3.4
2026-09-18,2026-09-21,3711,保德信,70,做多,639.91,630.34,654.26,663.83,655.0,674.0,655.0,663.0,3.92,True,達TP2,23.92,10,-0.8,2.2
2026-09-18,2026-09-21,4919,中華電,65,做多,126.88,124.98,129.73,131.63,135.0,135.0,125.0,125.5,-0.79,True,達TP2,4.75,15,78.9,0.0
2026-09-18,2026-09-21,2356,神基,65,做多,62.5,61.57,63.89,64.83,62.29999923706055,62.599998474121094,61.5,61.79999923706055,0.16,True,停損洗出,-0.93,15,19.4,-0.2
2026-09-21,2026-09-22,2454,聯發科,76,觀望(開高走低風險),5025.03,4949.88,5137.75,5212.9,5280.0,5480.0,5150.0,5180.0,3.39,True,達TP2,187.87,25,73.5,10.6
2026-09-21,2026-09-22,2352,智邦,85,做多,29.69,29.25,30.35,30.79,29.850000381469727,29.850000381469727,29.399999618530273,29.399999618530273,-0.68,True,收盤了結(未達TP),-0.29,10,-97.2,212.6
2026-09-21,2026-09-22,2392,台積電,60,做多,44.68,44.01,45.69,46.36,44.75,44.849998474121094,43.0,43.45000076293945,-2.47,True,停損洗出,-0.67,0,-9.8,0.0
2026-09-22,2026-09-23,2317,鴻海,85,做多,253.76,250.41,258.78,262.13,255.0,257.0,255.0,256.0,1.19,True,收盤了結(未達TP),2.24,25,17.9,80.0
2026-09-22,2026-09-23,2327,台達電,75,做多,579.0,570.43,591.86,600.43,581.0,601.0,570.0,573.0,0.35,True,停損洗出,-8.57,25,371.1,74.0
2026-09-22,2026-09-23,3711,保德信,55,觀望(開高走低風險),695.08,684.69,710.66,721.06,710.0,711.0,689.0,693.0,0.0,True,達TP1,15.58,10,-0.8,2.2
2026-09-23,2026-09-24,2379,智原,85,做多,764.0,752.59,781.12,792.52,745.0,753.0,725.0,749.0,-1.58,False,未觸發,,25,110.4,16.5
2026-09-29,2026-09-30,2330,台積電,90,做多,2490.0,2466.29,2525.57,2549.28,2495.0,2510.0,2480.0,2480.0,0.2,True,收盤了結(未達TP),-10.0,15,712.3,-114.3
2026-09-29,2026-09-30,4904,台灣大,70,做多,106.5,105.33,108.25,109.43,105.0,105.0,103.0,103.5,-0.96,False,未觸發,,10,-36.2,94.6
2026-09-30,2026-10-01,2330,台積電,90,做多,2495.0,2471.49,2530.27,2553.78,2490.0,2510.0,2485.0,2510.0,1.21,True,收盤了結(未達TP),15.0,15,712.3,-114.3
2026-09-30,2026-10-01,2324,緯創,60,做多,37.21,36.65,38.05,38.61,37.20000076293945,37.29999923706055,36.650001525878906,36.650001525878906,-1.21,True,收盤了結(未達TP),-0.56,10,-977.0,0.3
2026-09-30,2026-10-01,2357,華通,75,做多,969.0,954.59,990.62,1005.02,961.0,971.0,960.0,965.0,0.42,True,收盤了結(未達TP),-4.0,25,1.6,1.8
2026-09-30,2026-10-01,4904,台灣大,60,做多,106.0,104.83,107.75,108.93,103.5,105.0,103.0,105.0,1.45,False,未觸發,,10,-36.2,94.6
2026-09-30,2026-10-01,2349,中興電,60,做多,10.73,10.57,10.97,11.13,10.649999618530273,10.75,10.350000381469727,10.5,-1.87,True,停損洗出,-0.16,0,-23.2,0.0
2026-09-30,2026-10-01,2352,智邦,75,做多,29.74,29.3,30.4,30.84,29.700000762939453,29.75,29.100000381469727,29.100000381469727,-1.85,True,停損洗出,-0.44,0,-35.8,0.0
