日期,次日,代號,名稱,分數,進場,停損,TP1,TP2,次日開,次日高,次日低,次日收,是否觸發,結果,PnL(元/股)
2026-01-01,2026-01-02,2330,台積電,100,1554.65,1538.72,1578.55,1594.48,1555.0,1585.0,1545.0,1585.0,True,達TP1(另一半SL),11.95
2026-01-01,2026-01-02,2454,聯發科,60,1434.29,1412.84,1466.47,1487.91,1450.0,1495.0,1440.0,1470.0,True,達TP1+達TP2,42.9
2026-01-01,2026-01-02,2382,廣達,50,272.82,269.26,278.16,281.72,274.0,280.0,270.0,277.0,True,達TP1(另一半SL),2.67
2026-01-01,2026-01-02,2327,國巨,60,231.69,228.22,236.89,240.37,232.5,243.0,230.0,241.0,True,達TP1+達TP2,6.94
2026-01-01,2026-01-02,3034,聯詠,50,380.5,375.91,387.38,391.97,378.5,379.0,367.0,367.0,False,未觸發,
2026-01-01,2026-01-02,2353,宏碁,60,27.1,26.7,27.7,28.1,26.399999618530273,26.600000381469727,26.0,26.399999618530273,False,未觸發,
2026-01-01,2026-01-02,2356,英業達,50,43.03,42.45,43.9,44.48,43.5,44.75,43.349998474121094,44.54999923706055,True,達TP1+達TP2,1.16
2026-01-01,2026-01-02,3443,創意,60,2131.37,2099.49,2179.19,2211.07,2180.0,2240.0,2150.0,2185.0,True,達TP1+達TP2,63.76
2026-01-02,2026-01-05,2330,台積電,100,1589.75,1573.25,1614.5,1631.0,1630.0,1695.0,1625.0,1670.0,True,達TP1+達TP2,33.0
2026-01-02,2026-01-05,2454,聯發科,60,1474.41,1452.36,1507.49,1529.54,1510.0,1530.0,1495.0,1525.0,True,達TP1+達TP2,44.1
2026-01-02,2026-01-05,2317,鴻海,60,232.7,229.72,237.17,240.15,234.5,236.0,233.5,234.5,True,收盤了結,1.8
2026-01-02,2026-01-05,2301,光寶科,75,167.5,165.0,171.25,173.75,170.0,172.5,166.5,169.5,True,達TP1(另一半SL),1.88
2026-01-02,2026-01-05,2327,國巨,60,241.72,238.1,247.15,250.77,245.0,249.0,239.0,244.0,True,達TP1(另一半SL),2.72
2026-01-02,2026-01-05,2395,研華,75,290.5,286.98,295.78,299.3,290.0,292.0,287.5,289.5,True,收盤了結,-1.0
2026-01-02,2026-01-05,2379,瑞昱,50,490.0,484.09,498.87,504.78,496.0,497.0,488.5,493.5,True,收盤了結,3.5
2026-01-02,2026-01-05,2349,錸德,50,15.35,15.13,15.68,15.9,14.600000381469727,14.600000381469727,13.399999618530273,13.399999618530273,False,未觸發,
2026-01-02,2026-01-05,2912,統一超,50,225.5,223.4,228.65,230.75,222.5,222.5,220.5,220.5,False,未觸發,
2026-01-02,2026-01-05,4919,新唐,50,51.6,50.83,52.75,53.52,51.79999923706055,51.79999923706055,50.20000076293945,50.79999923706055,True,停損,-0.77
2026-01-02,2026-01-05,2383,台光電,60,1680.0,1656.15,1715.77,1739.62,1620.0,1690.0,1585.0,1620.0,True,停損,-23.85
2026-01-02,2026-01-05,2356,英業達,60,44.68,44.06,45.61,46.23,45.04999923706055,45.04999923706055,43.75,43.849998474121094,True,停損,-0.62
2026-01-02,2026-01-05,3443,創意,60,2191.55,2158.78,2240.7,2273.48,2290.0,2330.0,2255.0,2320.0,True,達TP1+達TP2,65.54
2026-01-05,2026-01-06,2330,台積電,45,1675.01,1654.97,1705.07,1725.11,1645.0,1705.0,1645.0,1705.0,True,停損,-20.04
2026-01-05,2026-01-06,2454,聯發科,85,1529.57,1506.69,1563.89,1586.77,1505.0,1505.0,1480.0,1485.0,False,未觸發,
2026-01-05,2026-01-06,2301,光寶科,75,171.5,168.96,175.31,177.85,170.0,171.0,166.5,170.5,False,未觸發,
2026-01-05,2026-01-06,2354,鴻準,50,62.0,61.26,63.11,63.85,60.79999923706055,61.29999923706055,60.20000076293945,60.29999923706055,False,未觸發,
2026-01-05,2026-01-06,2327,國巨,60,244.73,241.07,250.22,253.88,248.0,254.0,247.0,253.5,True,達TP1+達TP2,7.32
2026-01-05,2026-01-06,2395,研華,75,294.5,290.99,299.76,303.27,291.5,291.5,285.5,288.0,False,未觸發,
2026-01-05,2026-01-06,3034,聯詠,50,379.0,374.05,386.42,391.38,365.5,378.0,365.5,378.0,False,未觸發,
2026-01-05,2026-01-06,2379,瑞昱,50,497.0,491.1,505.85,511.75,500.0,515.0,494.5,512.0,True,達TP1+達TP2,11.8
2026-01-05,2026-01-06,2357,華碩,50,563.0,554.81,575.29,583.48,545.0,548.0,538.0,539.0,False,未觸發,
2026-01-05,2026-01-06,2303,聯電,50,49.4,48.85,50.23,50.78,48.849998474121094,49.20000076293945,48.349998474121094,49.20000076293945,False,未觸發,
2026-01-05,2026-01-06,1605,華新,60,33.7,33.2,34.45,34.95,34.5,36.75,34.20000076293945,36.04999923706055,True,達TP1+達TP2,1.0
2026-01-05,2026-01-06,2352,佳世達,50,23.85,23.5,24.38,24.73,23.100000381469727,24.399999618530273,23.100000381469727,23.899999618530273,True,達TP1(另一半SL),0.26
2026-01-05,2026-01-06,2383,台光電,60,1660.0,1635.7,1696.45,1720.75,1630.0,1705.0,1625.0,1695.0,True,達TP1(另一半SL),18.23
2026-01-05,2026-01-06,2392,正崴,50,37.5,36.99,38.27,38.77,36.45000076293945,36.70000076293945,36.25,36.45000076293945,False,未觸發,
2026-01-05,2026-01-06,3443,創意,85,2326.96,2292.16,2379.16,2413.96,2350.0,2525.0,2340.0,2485.0,True,達TP1+達TP2,69.6
2026-01-06,2026-01-07,2354,鴻準,50,61.9,61.16,63.01,63.75,60.70000076293945,61.29999923706055,60.20000076293945,60.79999923706055,False,未觸發,
2026-01-06,2026-01-07,2327,國巨,100,254.26,250.46,259.96,263.76,257.0,260.0,252.5,253.0,True,達TP1(另一半SL),2.85
2026-01-06,2026-01-07,2303,聯電,50,49.35,48.8,50.18,50.73,50.79999923706055,54.099998474121094,50.70000076293945,54.099998474121094,True,達TP1+達TP2,1.1
2026-01-06,2026-01-07,1605,華新,45,36.16,35.62,36.97,37.51,37.29999923706055,39.650001525878906,37.29999923706055,39.650001525878906,True,達TP1+達TP2,1.08
2026-01-06,2026-01-07,2349,錸德,50,14.74,14.52,15.07,15.29,15.0,16.149999618530273,15.0,16.149999618530273,True,達TP1+達TP2,0.44
2026-01-06,2026-01-07,2352,佳世達,50,23.97,23.61,24.51,24.87,24.049999237060547,24.700000762939453,23.850000381469727,24.600000381469727,True,達TP1(另一半SL),0.27
2026-01-06,2026-01-07,3711,日月光投控,45,272.31,268.24,278.41,282.49,277.5,281.5,273.5,275.0,True,達TP1(另一半收),4.4
2026-01-06,2026-01-07,4919,新唐,60,53.76,52.96,54.96,55.76,53.79999923706055,54.79999923706055,53.20000076293945,54.70000076293945,True,收盤了結,0.94
2026-01-06,2026-01-07,2383,台光電,60,1700.08,1674.65,1738.22,1763.65,1720.0,1720.0,1530.0,1580.0,True,停損,-25.43
2026-01-06,2026-01-07,3443,創意,45,2492.45,2455.17,2548.37,2585.65,2490.0,2515.0,2435.0,2490.0,True,停損,-37.28
2026-01-07,2026-01-08,2317,鴻海,75,239.0,235.93,243.6,246.67,237.5,237.5,228.5,229.5,False,未觸發,
2026-01-07,2026-01-08,3034,聯詠,85,403.21,397.32,412.04,417.93,398.5,398.5,381.5,385.0,False,未觸發,
2026-01-07,2026-01-08,2353,宏碁,60,27.13,26.73,27.73,28.13,27.149999618530273,27.149999618530273,26.25,26.350000381469727,True,停損,-0.4
2026-01-07,2026-01-08,2303,聯電,100,54.26,53.54,55.34,56.06,57.0,58.400001525878906,52.099998474121094,52.79999923706055,True,達TP1+達TP2,1.44
2026-01-07,2026-01-08,1605,華新,60,39.77,39.18,40.66,41.25,39.79999923706055,40.5,37.45000076293945,38.29999923706055,True,停損,-0.59
2026-01-07,2026-01-08,4938,和碩,60,69.81,69.09,70.89,71.61,70.30000305175781,70.80000305175781,69.5999984741211,70.5,True,收盤了結,0.69
2026-01-07,2026-01-08,2377,微星,50,96.59,95.15,98.75,100.19,97.30000305175781,99.4000015258789,96.19999694824219,96.5,True,達TP1(另一半SL),1.08
2026-01-07,2026-01-08,4919,新唐,60,54.86,54.04,56.09,56.91,57.900001525878906,59.400001525878906,55.29999923706055,55.5,True,達TP1+達TP2,1.64
2026-01-08,2026-01-09,2354,鴻準,50,61.3,60.55,62.42,63.17,59.099998474121094,59.400001525878906,58.29999923706055,58.900001525878906,False,未觸發,
2026-01-08,2026-01-09,2303,聯電,60,54.1,53.31,55.28,56.07,54.400001525878906,56.5,53.599998474121094,55.099998474121094,True,達TP1+達TP2,1.58
2026-01-08,2026-01-09,2377,微星,50,97.2,95.75,99.37,100.82,97.0,98.4000015258789,94.69999694824219,97.4000015258789,True,停損,-1.45
2026-01-08,2026-01-09,4919,新唐,60,55.67,54.84,56.91,57.74,55.20000076293945,55.29999923706055,52.20000076293945,53.0,False,未觸發,
2026-01-09,2026-01-12,3008,大立光,75,2570.0,2532.05,2626.92,2664.87,2530.0,2530.0,2450.0,2490.0,False,未觸發,
2026-01-09,2026-01-12,2382,廣達,75,283.85,279.64,290.17,294.38,285.5,286.0,278.0,280.5,True,停損,-4.21
2026-01-09,2026-01-12,2357,華碩,50,542.0,534.07,553.89,561.82,538.0,546.0,534.0,546.0,True,停損,-7.93
2026-01-09,2026-01-12,2377,微星,50,99.4,97.94,101.59,103.05,98.19999694824219,100.5,97.4000015258789,100.0,True,停損,-1.46
2026-01-12,2026-01-13,2379,瑞昱,60,540.62,532.53,552.76,560.85,592.0,592.0,567.0,576.0,True,達TP1+達TP2,16.19
2026-01-13,2026-01-14,2454,聯發科,60,1489.45,1467.17,1522.87,1545.15,1485.0,1500.0,1480.0,1500.0,True,收盤了結,10.55
2026-01-13,2026-01-14,2327,國巨,60,261.28,257.37,267.14,271.05,268.0,285.0,265.5,278.5,True,達TP1+達TP2,7.82
2026-01-13,2026-01-14,2379,瑞昱,45,577.73,569.09,590.69,599.33,564.0,564.0,525.0,532.0,False,未觸發,
2026-01-13,2026-01-14,2392,正崴,60,38.82,38.26,39.66,40.22,39.04999923706055,39.5,38.54999923706055,39.25,True,收盤了結,0.43
2026-01-14,2026-01-15,2324,仁寶,60,31.44,30.98,32.13,32.59,31.549999237060547,31.549999237060547,30.799999237060547,31.049999237060547,True,停損,-0.46
2026-01-14,2026-01-15,2327,國巨,45,279.34,275.16,285.61,289.79,280.0,285.0,272.5,273.5,True,停損,-4.18
2026-01-14,2026-01-15,2353,宏碁,75,27.63,27.22,28.24,28.66,27.5,27.5,26.899999618530273,27.100000381469727,False,未觸發,
2026-01-14,2026-01-15,2349,錸德,65,16.35,16.11,16.71,16.95,16.700000762939453,17.100000381469727,15.75,16.0,True,達TP1+達TP2,0.48
2026-01-14,2026-01-15,2356,英業達,60,44.45,43.79,45.44,46.1,44.0,44.20000076293945,43.5,44.150001525878906,False,未觸發,
2026-01-14,2026-01-15,3443,創意,50,2475.0,2438.7,2529.45,2565.75,2435.0,2525.0,2435.0,2505.0,True,停損,-36.3
2026-01-15,2026-01-16,4904,遠傳,75,91.27,90.54,92.36,93.09,90.9000015258789,91.4000015258789,90.30000305175781,91.0999984741211,True,停損,-0.73
2026-01-15,2026-01-16,2349,錸德,50,16.3,16.06,16.66,16.9,15.600000381469727,16.200000762939453,15.300000190734863,16.200000762939453,False,未觸發,
2026-01-15,2026-01-16,2912,統一超,60,225.5,223.53,228.45,230.43,223.0,223.5,218.5,220.0,False,未觸發,
2026-01-16,2026-01-19,2330,台積電,75,1745.22,1723.78,1777.38,1798.82,1725.0,1780.0,1725.0,1760.0,True,達TP1(另一半SL),16.08
2026-01-16,2026-01-19,2454,聯發科,75,1509.51,1486.93,1543.38,1565.96,1510.0,1510.0,1465.0,1485.0,True,停損,-22.58
2026-01-16,2026-01-19,2301,光寶科,60,169.0,166.51,172.74,175.23,166.0,169.0,162.5,163.0,True,停損,-2.49
2026-01-16,2026-01-19,2303,聯電,45,58.68,57.8,60.0,60.88,60.29999923706055,63.5,58.79999923706055,62.5,True,達TP1+達TP2,1.76
2026-01-16,2026-01-19,2912,統一超,50,226.0,223.91,229.13,231.23,218.5,219.5,217.0,217.0,False,未觸發,
2026-01-16,2026-01-19,2392,正崴,60,39.75,39.16,40.64,41.23,39.75,41.45000076293945,39.5,41.29999923706055,True,達TP1+達TP2,1.18
2026-01-19,2026-01-20,2324,仁寶,75,32.35,31.87,33.07,33.55,32.099998474121094,33.70000076293945,31.850000381469727,32.599998474121094,True,達TP1+達TP2,0.96
2026-01-19,2026-01-20,3034,聯詠,60,387.66,381.86,396.36,402.16,387.0,395.0,383.5,392.0,True,收盤了結,4.34
2026-01-19,2026-01-20,2303,聯電,45,62.69,61.75,64.1,65.04,62.400001525878906,68.69999694824219,61.0,67.80000305175781,True,達TP1+達TP2,1.88
2026-01-19,2026-01-20,4919,新唐,45,60.38,59.48,61.73,62.63,59.599998474121094,60.5,58.0,59.400001525878906,True,停損,-0.9
2026-01-19,2026-01-20,2356,英業達,75,44.78,44.14,45.74,46.38,44.849998474121094,45.150001525878906,44.349998474121094,44.79999923706055,True,收盤了結,0.02
2026-01-20,2026-01-21,2317,鴻海,65,233.5,230.3,238.3,241.5,221.0,225.0,219.0,219.0,False,未觸發,
2026-01-20,2026-01-21,2324,仁寶,60,33.0,32.51,33.73,34.23,32.29999923706055,33.25,31.75,31.899999618530273,True,停損,-0.49
2026-01-20,2026-01-21,2395,研華,50,290.5,286.63,296.31,300.18,276.5,278.0,274.5,275.0,False,未觸發,
2026-01-20,2026-01-21,2303,聯電,45,68.0,66.98,69.53,70.55,70.9000015258789,71.9000015258789,67.0999984741211,68.4000015258789,True,達TP1+達TP2,2.04
2026-01-21,2026-01-22,3008,大立光,50,2480.0,2443.4,2534.9,2571.5,2460.0,2465.0,2430.0,2435.0,False,未觸發,
2026-01-21,2026-01-22,2317,鴻海,50,228.5,225.27,233.34,236.57,223.5,226.0,222.0,223.5,False,未觸發,
2026-01-21,2026-01-22,2354,鴻準,50,60.3,59.51,61.48,62.27,60.099998474121094,60.70000076293945,59.79999923706055,59.79999923706055,True,收盤了結,-0.5
2026-01-21,2026-01-22,4938,和碩,50,71.0,70.26,72.11,72.85,69.19999694824219,69.5999984741211,68.80000305175781,69.5,False,未觸發,
2026-01-21,2026-01-22,2356,英業達,60,46.69,45.99,47.74,48.44,48.650001525878906,51.20000076293945,48.0,51.20000076293945,True,達TP1+達TP2,1.4
2026-01-22,2026-01-23,2301,光寶科,85,177.53,174.88,181.5,184.16,182.5,184.5,171.0,172.0,True,達TP1+達TP2,5.3
2026-01-22,2026-01-23,2912,統一超,50,218.0,215.96,221.06,223.1,213.5,214.5,210.0,211.5,False,未觸發,
2026-01-22,2026-01-23,2356,英業達,60,51.35,50.58,52.51,53.28,54.5,55.0,47.79999923706055,48.0,True,達TP1+達TP2,1.54
2026-01-23,2026-01-26,2454,聯發科,60,1634.89,1610.44,1671.57,1696.02,1740.0,1790.0,1720.0,1770.0,True,達TP1+達TP2,48.9
2026-01-23,2026-01-26,2301,光寶科,60,177.0,174.42,180.87,183.45,171.5,174.0,165.5,167.0,False,未觸發,
2026-01-23,2026-01-26,2324,仁寶,60,34.4,33.9,35.15,35.65,33.349998474121094,33.349998474121094,32.25,32.25,False,未觸發,
2026-01-23,2026-01-26,3034,聯詠,60,394.18,388.29,403.01,408.9,390.0,403.5,388.5,396.0,True,達TP1(另一半SL),4.41
2026-01-23,2026-01-26,2352,佳世達,45,28.28,27.86,28.91,29.33,29.200000762939453,29.299999237060547,26.75,26.850000381469727,True,達TP1(另一半SL),0.31
2026-01-23,2026-01-26,3481,群創,50,29.15,28.79,29.69,30.05,24.549999237060547,25.350000381469727,24.049999237060547,24.549999237060547,False,未觸發,
2026-01-23,2026-01-26,2383,台光電,54,1805.4,1778.4,1845.9,1872.9,1790.0,1825.0,1715.0,1740.0,True,停損,-27.0
2026-01-23,2026-01-26,2356,英業達,60,51.2,50.48,52.28,53.0,48.25,48.5,46.150001525878906,46.54999923706055,False,未觸發,
2026-01-23,2026-01-26,2392,正崴,75,41.62,41.0,42.55,43.17,42.099998474121094,42.099998474121094,41.0,41.150001525878906,True,停損,-0.62
2026-01-26,2026-01-27,2454,聯發科,45,1775.31,1748.76,1815.13,1841.68,1755.0,1820.0,1750.0,1775.0,True,達TP1(另一半SL),19.91
2026-01-26,2026-01-27,2352,佳世達,60,28.2,27.8,28.8,29.2,27.0,27.0,25.799999237060547,25.950000762939453,False,未觸發,
2026-01-27,2026-01-28,2303,聯電,54,76.43,75.29,78.14,79.28,79.5999984741211,79.69999694824219,75.30000305175781,75.9000015258789,True,達TP1+達TP2,2.28
2026-01-27,2026-01-28,4919,新唐,60,60.6,59.7,61.95,62.85,65.0,66.30000305175781,64.9000015258789,66.30000305175781,True,達TP1+達TP2,1.8
2026-01-28,2026-01-29,2317,鴻海,50,227.0,223.75,231.88,235.12,226.5,227.5,222.0,224.0,True,停損,-3.25
2026-01-28,2026-01-29,2395,研華,85,299.4,295.39,305.41,309.42,308.0,309.0,291.0,305.0,True,達TP1(另一半SL),3.01
2026-01-28,2026-01-29,4919,新唐,60,66.5,65.51,67.98,68.97,69.19999694824219,69.80000305175781,60.599998474121094,60.70000076293945,True,達TP1+達TP2,1.98
2026-01-29,2026-01-30,2395,研華,75,305.91,301.41,312.66,317.16,301.0,304.0,293.0,299.5,False,未觸發,
2026-01-29,2026-01-30,2379,瑞昱,50,535.0,527.34,546.49,554.15,500.0,502.0,483.5,483.5,False,未觸發,
2026-01-29,2026-01-30,4904,遠傳,50,89.9,89.17,91.0,91.73,89.0,90.0,88.0999984741211,88.80000305175781,True,停損,-0.73
2026-01-29,2026-01-30,2377,微星,50,97.1,95.69,99.21,100.62,93.0999984741211,93.0999984741211,90.0,90.19999694824219,False,未觸發,
2026-01-29,2026-01-30,4919,新唐,50,66.3,65.39,67.67,68.58,60.5,63.5,60.5,62.5,False,未觸發,
2026-01-30,2026-02-02,2330,台積電,75,1835.0,1814.14,1866.29,1887.15,1750.0,1765.0,1745.0,1765.0,False,未觸發,
2026-01-30,2026-02-02,2354,鴻準,50,59.9,59.09,61.12,61.93,56.79999923706055,57.20000076293945,56.20000076293945,56.5,False,未觸發,
2026-01-30,2026-02-02,2395,研華,75,309.0,304.51,315.74,320.23,300.5,303.0,290.5,291.5,False,未觸發,
2026-01-30,2026-02-02,2353,宏碁,50,25.9,25.52,26.47,26.85,26.0,27.600000381469727,25.950000762939453,27.200000762939453,True,達TP1+達TP2,0.76
2026-01-30,2026-02-02,4904,遠傳,50,90.3,89.54,91.44,92.2,89.5999984741211,90.5,88.80000305175781,90.19999694824219,True,停損,-0.76
2026-01-30,2026-02-02,1605,華新,50,44.5,43.85,45.47,46.12,41.45000076293945,41.849998474121094,39.150001525878906,39.150001525878906,False,未觸發,
2026-01-30,2026-02-02,3711,日月光投控,75,317.5,313.05,324.17,328.62,294.0,298.0,288.5,292.0,False,未觸發,
2026-02-02,2026-02-03,2324,仁寶,45,32.75,32.27,33.47,33.95,32.900001525878906,33.5,31.850000381469727,32.0,True,達TP1(另一半SL),0.36
2026-02-02,2026-02-03,2353,宏碁,60,27.28,26.87,27.9,28.3,26.700000762939453,27.549999237060547,26.100000381469727,26.200000762939453,True,停損,-0.41
2026-02-02,2026-02-03,4904,遠傳,60,90.47,89.69,91.64,92.42,90.0999984741211,91.4000015258789,89.80000305175781,90.69999694824219,True,收盤了結,0.23
2026-02-04,2026-02-05,2301,光寶科,60,174.02,171.42,177.92,180.52,170.0,172.0,165.0,165.5,False,未觸發,
2026-02-04,2026-02-05,2383,台光電,54,2046.12,2015.52,2092.02,2122.62,1980.0,2035.0,1905.0,1950.0,False,未觸發,
2026-02-05,2026-02-06,2454,聯發科,75,1810.0,1783.45,1849.82,1876.38,1745.0,1755.0,1690.0,1710.0,False,未觸發,
2026-02-06,2026-02-09,2382,廣達,50,281.5,277.31,287.78,291.98,284.0,285.0,281.5,284.0,True,收盤了結,2.5
2026-02-06,2026-02-09,2912,統一超,60,224.67,222.36,228.13,230.44,225.0,225.0,220.0,220.5,True,停損,-2.31
2026-02-06,2026-02-09,3711,日月光投控,60,305.41,300.84,312.27,316.84,319.5,330.0,316.5,327.0,True,達TP1+達TP2,9.14
2026-02-06,2026-02-09,2356,英業達,50,45.45,44.79,46.44,47.1,44.75,45.099998474121094,44.349998474121094,44.79999923706055,False,未觸發,
2026-02-06,2026-02-09,2392,正崴,50,41.0,40.42,41.87,42.45,39.599998474121094,40.20000076293945,39.0,39.099998474121094,False,未觸發,
2026-02-10,2026-02-11,2301,光寶科,75,178.03,175.37,182.02,184.68,175.5,181.0,174.0,179.5,True,停損,-2.66
2026-02-10,2026-02-11,4919,新唐,50,61.18,60.27,62.54,63.45,60.900001525878906,63.599998474121094,60.29999923706055,60.29999923706055,True,達TP1+達TP2,1.82
2026-02-11,2026-02-23,2317,鴻海,60,227.68,224.4,232.6,235.88,229.5,231.0,227.0,228.5,True,收盤了結,0.82
2026-02-11,2026-02-23,2395,研華,60,305.91,301.34,312.77,317.34,320.0,324.0,310.0,315.0,True,達TP1+達TP2,9.14
2026-02-12,2026-02-23,2317,鴻海,60,227.68,224.4,232.6,235.88,229.5,231.0,227.0,228.5,True,收盤了結,0.82
2026-02-12,2026-02-23,2395,研華,60,305.91,301.34,312.77,317.34,320.0,324.0,310.0,315.0,True,達TP1+達TP2,9.14
2026-02-13,2026-02-23,2317,鴻海,60,227.68,224.4,232.6,235.88,229.5,231.0,227.0,228.5,True,收盤了結,0.82
2026-02-13,2026-02-23,2395,研華,60,305.91,301.34,312.77,317.34,320.0,324.0,310.0,315.0,True,達TP1+達TP2,9.14
2026-02-16,2026-02-23,2317,鴻海,60,227.68,224.4,232.6,235.88,229.5,231.0,227.0,228.5,True,收盤了結,0.82
2026-02-16,2026-02-23,2395,研華,60,305.91,301.34,312.77,317.34,320.0,324.0,310.0,315.0,True,達TP1+達TP2,9.14
2026-02-17,2026-02-23,2317,鴻海,60,227.68,224.4,232.6,235.88,229.5,231.0,227.0,228.5,True,收盤了結,0.82
2026-02-17,2026-02-23,2395,研華,60,305.91,301.34,312.77,317.34,320.0,324.0,310.0,315.0,True,達TP1+達TP2,9.14
2026-02-18,2026-02-23,2317,鴻海,60,227.68,224.4,232.6,235.88,229.5,231.0,227.0,228.5,True,收盤了結,0.82
2026-02-18,2026-02-23,2395,研華,60,305.91,301.34,312.77,317.34,320.0,324.0,310.0,315.0,True,達TP1+達TP2,9.14
2026-02-19,2026-02-23,2317,鴻海,60,227.68,224.4,232.6,235.88,229.5,231.0,227.0,228.5,True,收盤了結,0.82
2026-02-19,2026-02-23,2395,研華,60,305.91,301.34,312.77,317.34,320.0,324.0,310.0,315.0,True,達TP1+達TP2,9.14
2026-02-20,2026-02-23,2317,鴻海,60,227.68,224.4,232.6,235.88,229.5,231.0,227.0,228.5,True,收盤了結,0.82
2026-02-20,2026-02-23,2395,研華,60,305.91,301.34,312.77,317.34,320.0,324.0,310.0,315.0,True,達TP1+達TP2,9.14
2026-02-23,2026-02-24,2330,台積電,75,1925.0,1901.82,1959.77,1982.95,1915.0,1975.0,1915.0,1965.0,True,達TP1(另一半SL),17.38
2026-02-23,2026-02-24,2454,聯發科,60,1865.0,1838.08,1905.38,1932.3,1810.0,1825.0,1795.0,1825.0,False,未觸發,
2026-02-23,2026-02-24,3008,大立光,50,2377.11,2341.56,2430.44,2465.99,2375.0,2430.0,2360.0,2430.0,True,收盤了結,52.89
2026-02-23,2026-02-24,2317,鴻海,60,229.19,225.97,234.02,237.24,229.5,232.5,228.0,232.0,True,收盤了結,2.81
2026-02-23,2026-02-24,2354,鴻準,60,58.88,58.09,60.06,60.86,58.70000076293945,59.5,58.70000076293945,58.900001525878906,True,收盤了結,0.02
2026-02-23,2026-02-24,2324,仁寶,50,30.8,30.36,31.46,31.9,29.700000762939453,29.950000762939453,29.5,29.649999618530273,False,未觸發,
2026-02-23,2026-02-24,2327,國巨,60,282.34,278.12,288.67,292.89,287.0,304.0,285.5,301.0,True,達TP1+達TP2,8.44
2026-02-23,2026-02-24,2395,研華,75,315.94,311.21,323.04,327.77,314.0,324.5,311.5,324.0,True,達TP1(另一半SL),3.55
2026-02-23,2026-02-24,2357,華碩,60,526.0,518.37,537.44,545.08,509.0,520.0,507.0,515.0,False,未觸發,
2026-02-23,2026-02-24,4904,遠傳,100,95.08,94.17,96.44,97.35,94.80000305175781,95.5999984741211,94.0999984741211,95.5999984741211,True,停損,-0.91
2026-02-23,2026-02-24,4938,和碩,60,71.11,70.37,72.22,72.96,70.9000015258789,71.9000015258789,70.9000015258789,71.9000015258789,True,收盤了結,0.79
2026-02-23,2026-02-24,2352,佳世達,60,25.93,25.54,26.52,26.91,25.850000381469727,26.399999618530273,25.850000381469727,26.299999237060547,True,收盤了結,0.37
2026-02-23,2026-02-24,2392,正崴,60,40.22,39.62,41.12,41.72,40.0,40.650001525878906,39.5,39.599998474121094,True,停損,-0.6
2026-02-24,2026-02-25,3008,大立光,60,2437.29,2400.84,2491.96,2528.41,2440.0,2475.0,2395.0,2415.0,True,停損,-36.45
2026-02-24,2026-02-25,2327,國巨,60,301.9,297.38,308.68,313.2,306.0,306.5,292.0,300.0,True,停損,-4.52
2026-02-24,2026-02-25,2303,聯電,50,67.7,66.69,69.22,70.23,69.30000305175781,69.30000305175781,65.30000305175781,65.5,True,達TP1(另一半SL),0.76
2026-02-24,2026-02-25,2349,錸德,50,14.24,14.03,14.56,14.77,14.300000190734863,15.600000381469727,13.899999618530273,15.300000190734863,True,達TP1+達TP2,0.42
2026-02-24,2026-02-25,2352,佳世達,60,26.38,25.99,26.96,27.36,26.350000381469727,26.700000762939453,26.200000762939453,26.25,True,收盤了結,-0.13
2026-02-24,2026-02-25,3481,群創,50,24.92,24.55,25.48,25.85,26.299999237060547,27.299999237060547,24.100000381469727,24.600000381469727,True,達TP1+達TP2,0.74
2026-02-24,2026-02-25,4919,新唐,54,73.12,72.03,74.76,75.85,76.4000015258789,79.0,70.5,70.69999694824219,True,達TP1+達TP2,2.18
2026-02-25,2026-02-26,3008,大立光,60,2430.0,2393.78,2484.33,2520.55,2430.0,2535.0,2410.0,2520.0,True,達TP1+達TP2,72.44
2026-02-25,2026-02-26,2317,鴻海,60,247.24,243.64,252.64,256.24,253.5,253.5,241.5,243.0,True,達TP1(另一半SL),2.7
2026-02-25,2026-02-26,2382,廣達,75,298.39,293.95,305.05,309.49,302.0,302.0,290.0,291.5,True,停損,-4.44
2026-02-25,2026-02-26,2354,鴻準,60,60.18,59.39,61.36,62.16,60.70000076293945,60.70000076293945,59.29999923706055,59.5,True,停損,-0.79
2026-02-25,2026-02-26,2349,錸德,50,15.35,15.12,15.7,15.93,14.449999809265137,14.800000190734863,14.199999809265137,14.550000190734863,False,未觸發,
2026-02-25,2026-02-26,2356,英業達,60,46.54,45.84,47.59,48.29,46.400001525878906,46.5,45.5,46.25,False,未觸發,
2026-02-25,2026-02-26,2392,正崴,60,40.65,40.04,41.57,42.18,40.45000076293945,40.45000076293945,39.54999923706055,39.70000076293945,False,未觸發,
2026-02-26,2026-03-02,2454,聯發科,45,1950.83,1921.65,1994.6,2023.78,1945.0,1945.0,1880.0,1900.0,False,未觸發,
2026-02-26,2026-03-02,3008,大立光,60,2527.56,2489.76,2584.26,2622.06,2460.0,2485.0,2440.0,2455.0,False,未觸發,
2026-02-26,2026-03-02,2301,光寶科,50,200.0,197.41,203.88,206.48,167.0,174.0,165.5,169.0,False,未觸發,
2026-02-26,2026-03-02,2324,仁寶,60,31.74,31.27,32.44,32.91,31.0,31.5,30.549999237060547,31.399999618530273,False,未觸發,
2026-02-26,2026-03-02,3034,聯詠,60,394.18,388.29,403.01,408.9,389.0,390.0,382.5,386.5,False,未觸發,
2026-02-26,2026-03-02,4904,遠傳,75,95.7,94.72,97.17,98.15,92.80000305175781,94.0,90.9000015258789,93.5999984741211,False,未觸發,
2026-02-26,2026-03-02,4938,和碩,75,73.72,72.97,74.84,75.59,73.0,73.0,71.5999984741211,71.9000015258789,False,未觸發,
2026-02-26,2026-03-02,2912,統一超,75,223.67,221.51,226.91,229.07,224.0,224.0,220.0,221.5,True,停損,-2.16
2026-02-26,2026-03-02,3443,創意,50,2778.31,2736.76,2840.63,2882.18,2700.0,2735.0,2625.0,2645.0,False,未觸發,
2026-02-27,2026-03-02,2454,聯發科,45,1950.83,1921.65,1994.6,2023.78,1945.0,1945.0,1880.0,1900.0,False,未觸發,
2026-02-27,2026-03-02,3008,大立光,60,2527.56,2489.76,2584.26,2622.06,2460.0,2485.0,2440.0,2455.0,False,未觸發,
2026-02-27,2026-03-02,2301,光寶科,50,200.0,197.41,203.88,206.48,167.0,174.0,165.5,169.0,False,未觸發,
2026-02-27,2026-03-02,2324,仁寶,60,31.74,31.27,32.44,32.91,31.0,31.5,30.549999237060547,31.399999618530273,False,未觸發,
2026-02-27,2026-03-02,3034,聯詠,60,394.18,388.29,403.01,408.9,389.0,390.0,382.5,386.5,False,未觸發,
2026-02-27,2026-03-02,4904,遠傳,75,95.7,94.72,97.17,98.15,92.80000305175781,94.0,90.9000015258789,93.5999984741211,False,未觸發,
2026-02-27,2026-03-02,4938,和碩,75,73.72,72.97,74.84,75.59,73.0,73.0,71.5999984741211,71.9000015258789,False,未觸發,
2026-02-27,2026-03-02,2912,統一超,75,223.67,221.51,226.91,229.07,224.0,224.0,220.0,221.5,True,停損,-2.16
2026-02-27,2026-03-02,3443,創意,50,2778.31,2736.76,2840.63,2882.18,2700.0,2735.0,2625.0,2645.0,False,未觸發,
2026-03-02,2026-03-03,2382,廣達,100,302.0,297.49,308.76,313.27,302.0,302.0,293.0,294.5,True,停損,-4.51
2026-03-02,2026-03-03,2377,微星,60,98.9,97.42,101.12,102.6,99.5,99.5,95.5,96.0,True,停損,-1.48
2026-03-04,2026-03-05,2330,台積電,75,1980.0,1953.5,2019.75,2046.25,1940.0,1960.0,1895.0,1900.0,False,未觸發,
2026-03-04,2026-03-05,2392,正崴,50,39.05,38.51,39.86,40.4,36.70000076293945,37.349998474121094,36.400001525878906,36.79999923706055,False,未觸發,
2026-03-06,2026-03-09,2395,研華,60,376.12,370.5,384.55,390.17,346.0,367.0,343.0,347.0,False,未觸發,
2026-03-09,2026-03-10,2330,台積電,50,1900.0,1872.85,1940.73,1967.88,1870.0,1890.0,1830.0,1850.0,False,未觸發,
2026-03-09,2026-03-10,3034,聯詠,60,380.14,374.45,388.67,394.37,381.5,384.5,375.5,384.5,True,收盤了結,4.36
2026-03-09,2026-03-10,2379,瑞昱,60,485.45,478.19,496.34,503.6,471.0,473.5,453.5,460.0,False,未觸發,
2026-03-09,2026-03-10,4904,遠傳,50,93.1,91.97,94.79,95.92,92.69999694824219,92.69999694824219,90.69999694824219,90.9000015258789,False,未觸發,
2026-03-09,2026-03-10,2912,統一超,50,220.5,218.27,223.84,226.07,218.5,219.0,216.0,217.5,False,未觸發,
2026-03-11,2026-03-12,2353,宏碁,60,27.68,27.27,28.3,28.7,27.799999237060547,28.399999618530273,27.5,27.899999618530273,True,達TP1(另一半SL),0.31
2026-03-11,2026-03-12,2357,華碩,60,585.75,576.99,598.89,607.65,591.0,593.0,574.0,581.0,True,停損,-8.76
2026-03-11,2026-03-12,2349,錸德,50,13.59,13.39,13.89,14.09,13.399999618530273,13.5,13.0,13.100000381469727,False,未觸發,
2026-03-11,2026-03-12,2356,英業達,50,43.13,42.48,44.11,44.76,42.5,43.29999923706055,42.349998474121094,42.95000076293945,True,停損,-0.65
2026-03-12,2026-03-13,2357,華碩,45,584.0,575.28,597.08,605.8,574.0,594.0,573.0,589.0,True,停損,-8.72
2026-03-12,2026-03-13,4938,和碩,100,77.33,76.18,79.05,80.2,76.80000305175781,78.9000015258789,75.5999984741211,75.80000305175781,True,停損,-1.15
2026-03-13,2026-03-16,4938,和碩,60,77.1,75.96,78.81,79.95,76.30000305175781,78.30000305175781,76.0,77.0,True,收盤了結,-0.1
2026-03-16,2026-03-17,2377,微星,60,95.1,93.69,97.21,98.62,93.69999694824219,94.5,93.0,93.5999984741211,False,未觸發,
2026-03-16,2026-03-17,2392,正崴,50,37.71,37.15,38.55,39.11,37.29999923706055,37.900001525878906,37.04999923706055,37.5,True,停損,-0.56
2026-03-17,2026-03-18,2317,鴻海,50,217.5,214.32,222.27,225.45,212.5,213.5,210.0,210.0,False,未觸發,
2026-03-17,2026-03-18,2327,國巨,50,286.86,282.57,293.3,297.59,292.0,296.0,276.5,280.5,True,達TP1(另一半SL),3.22
2026-03-17,2026-03-18,2356,英業達,60,44.13,43.47,45.12,45.78,44.650001525878906,44.95000076293945,44.099998474121094,44.349998474121094,True,收盤了結,0.22
2026-03-18,2026-03-19,2353,宏碁,75,28.99,28.56,29.63,30.06,28.649999618530273,29.149999618530273,28.299999237060547,28.350000381469727,True,停損,-0.43
2026-03-18,2026-03-19,2377,微星,75,97.79,96.33,99.98,101.44,97.4000015258789,97.5,93.69999694824219,94.30000305175781,False,未觸發,
2026-03-18,2026-03-19,3711,日月光投控,50,358.57,353.21,366.61,371.97,347.5,353.0,340.5,347.0,False,未觸發,
2026-03-18,2026-03-19,3443,創意,50,2522.54,2484.82,2579.12,2616.84,2500.0,2660.0,2465.0,2610.0,True,達TP1+達TP2,75.44
2026-03-19,2026-03-20,3034,聯詠,50,385.0,379.4,393.4,399.0,373.5,385.0,370.0,385.0,True,停損,-5.6
2026-03-19,2026-03-20,4904,遠傳,50,94.4,93.33,96.01,97.08,92.5,94.30000305175781,92.5,94.0999984741211,False,未觸發,
2026-03-19,2026-03-20,2303,聯電,50,61.5,60.62,62.82,63.7,58.5,59.0,57.70000076293945,57.79999923706055,False,未觸發,
2026-03-19,2026-03-20,2349,錸德,50,14.44,14.22,14.77,14.99,15.800000190734863,15.800000190734863,15.800000190734863,15.800000190734863,True,達TP1+達TP2,0.44
2026-03-19,2026-03-20,2912,統一超,50,221.0,218.81,224.28,226.47,215.0,217.0,211.5,217.0,False,未觸發,
2026-03-19,2026-03-20,4919,新唐,54,99.7,98.21,101.94,103.43,109.0,109.0,102.0,109.0,True,達TP1+達TP2,2.98
2026-03-19,2026-03-20,3443,創意,50,2617.83,2578.68,2676.56,2715.7,2660.0,2735.0,2635.0,2645.0,True,達TP1+達TP2,78.3
2026-03-20,2026-03-23,2330,台積電,50,1880.0,1852.4,1921.4,1949.0,1790.0,1815.0,1785.0,1810.0,False,未觸發,
2026-03-20,2026-03-23,2454,聯發科,50,1705.0,1679.5,1743.25,1768.75,1630.0,1645.0,1600.0,1625.0,False,未觸發,
2026-03-20,2026-03-23,2395,研華,60,345.0,339.84,352.74,357.9,336.5,339.5,330.0,330.0,False,未觸發,
2026-03-20,2026-03-23,3034,聯詠,60,386.15,380.38,394.8,400.57,378.5,388.5,372.0,372.0,True,停損,-5.77
2026-03-20,2026-03-23,2379,瑞昱,75,483.0,475.81,493.78,500.98,474.0,478.5,469.0,469.5,False,未觸發,
2026-03-20,2026-03-23,4904,遠傳,60,94.38,93.31,95.98,97.05,92.19999694824219,93.80000305175781,91.69999694824219,93.0999984741211,False,未觸發,
2026-03-20,2026-03-23,2912,統一超,50,217.5,215.23,220.91,223.18,215.0,215.5,210.0,210.0,False,未觸發,
2026-03-20,2026-03-23,4919,新唐,54,109.33,107.69,111.79,113.43,105.5,111.5,100.5,102.0,True,停損,-1.64
2026-03-26,2026-03-27,4938,和碩,60,80.94,79.73,82.75,83.96,79.80000305175781,81.5,79.5,80.9000015258789,True,停損,-1.21
2026-03-27,2026-03-30,2324,仁寶,50,32.0,31.55,32.67,33.12,29.350000381469727,29.5,28.149999618530273,28.25,False,未觸發,
2026-03-27,2026-03-30,3034,聯詠,60,400.2,394.21,409.19,415.18,397.0,406.0,390.0,391.0,True,停損,-5.99
2026-03-27,2026-03-30,4904,遠傳,50,93.8,92.76,95.36,96.4,91.80000305175781,92.9000015258789,90.80000305175781,91.0,False,未觸發,
2026-03-27,2026-03-30,2356,英業達,60,43.6,42.95,44.57,45.22,41.900001525878906,42.099998474121094,41.400001525878906,41.400001525878906,False,未觸發,
2026-03-30,2026-03-31,2382,廣達,50,289.5,285.29,295.81,300.02,280.0,284.5,278.0,278.5,False,未觸發,
2026-03-30,2026-03-31,2352,佳世達,50,23.8,23.45,24.32,24.67,23.100000381469727,23.25,22.700000762939453,22.75,False,未觸發,
2026-03-31,2026-04-01,2330,台積電,50,1800.0,1773.6,1839.6,1866.0,1840.0,1855.0,1830.0,1855.0,True,達TP1(另一半收),47.3
2026-03-31,2026-04-01,2317,鴻海,50,195.5,192.69,199.72,202.53,195.0,197.5,194.5,197.0,True,收盤了結,1.5
2026-03-31,2026-04-01,2354,鴻準,50,51.9,51.14,53.04,53.8,51.599998474121094,52.5,51.599998474121094,52.5,True,收盤了結,0.6
2026-03-31,2026-04-01,2395,研華,50,328.5,323.72,335.67,340.45,328.5,334.0,328.0,331.0,True,收盤了結,2.5
2026-03-31,2026-04-01,2379,瑞昱,75,492.5,485.33,503.25,510.43,491.5,491.5,480.5,484.5,False,未觸發,
2026-03-31,2026-04-01,2303,聯電,50,57.5,56.65,58.78,59.62,57.5,58.5,56.79999923706055,57.400001525878906,True,收盤了結,-0.1
2026-03-31,2026-04-01,2356,英業達,50,42.1,41.5,43.0,43.6,41.099998474121094,41.25,40.54999923706055,41.099998474121094,False,未觸發,
2026-04-02,2026-04-07,2392,正崴,50,35.85,35.34,36.61,37.12,33.79999923706055,33.849998474121094,33.099998474121094,33.25,False,未觸發,
2026-04-03,2026-04-07,2392,正崴,50,35.85,35.34,36.61,37.12,33.79999923706055,33.849998474121094,33.099998474121094,33.25,False,未觸發,
2026-04-06,2026-04-07,2392,正崴,50,35.85,35.34,36.61,37.12,33.79999923706055,33.849998474121094,33.099998474121094,33.25,False,未觸發,
2026-04-07,2026-04-08,2354,鴻準,50,52.9,52.15,54.03,54.78,50.900001525878906,51.599998474121094,50.70000076293945,50.900001525878906,False,未觸發,
2026-04-07,2026-04-08,2303,聯電,50,58.47,57.6,59.77,60.64,59.79999923706055,61.70000076293945,59.5,60.29999923706055,True,達TP1+達TP2,1.74
2026-04-08,2026-04-09,2330,台積電,60,1955.85,1926.6,1999.72,2028.97,1945.0,1955.0,1930.0,1955.0,False,未觸發,
2026-04-08,2026-04-09,2454,聯發科,50,1584.74,1561.04,1620.29,1643.99,1600.0,1600.0,1550.0,1575.0,True,停損,-23.7
2026-04-08,2026-04-09,3008,大立光,60,2286.84,2252.64,2338.14,2372.34,2290.0,2295.0,2240.0,2280.0,True,停損,-34.2
2026-04-08,2026-04-09,2382,廣達,100,308.42,303.81,315.34,319.95,304.5,314.0,295.0,313.0,True,停損,-4.61
2026-04-08,2026-04-09,2354,鴻準,50,51.05,50.29,52.19,52.95,50.900001525878906,51.099998474121094,50.099998474121094,50.599998474121094,True,停損,-0.76
2026-04-08,2026-04-09,2327,國巨,50,272.31,268.24,278.41,282.49,276.0,282.0,273.0,281.5,True,達TP1(另一半收),7.65
2026-04-08,2026-04-09,2395,研華,60,349.55,344.32,357.4,362.63,350.0,353.5,345.0,348.0,True,收盤了結,-1.55
2026-04-08,2026-04-09,2303,聯電,60,60.48,59.58,61.83,62.73,60.599998474121094,60.599998474121094,58.79999923706055,60.0,True,停損,-0.9
2026-04-08,2026-04-09,1605,華新,50,32.1,31.62,32.82,33.3,32.400001525878906,32.400001525878906,31.200000762939453,31.450000762939453,True,停損,-0.48
2026-04-08,2026-04-09,2356,英業達,60,42.78,42.14,43.74,44.38,43.0,43.79999923706055,42.150001525878906,43.79999923706055,True,達TP1(另一半SL),0.48
2026-04-08,2026-04-09,3443,創意,50,2517.53,2479.88,2574.01,2611.66,2530.0,2685.0,2460.0,2655.0,True,達TP1+達TP2,75.3
2026-04-09,2026-04-10,2382,廣達,100,313.94,309.25,320.98,325.66,315.0,327.5,312.0,321.5,True,達TP1+達TP2,9.38
2026-04-09,2026-04-10,2327,國巨,50,282.34,278.12,288.67,292.89,290.0,292.0,283.0,285.0,True,達TP1(另一半收),4.5
2026-04-09,2026-04-10,4904,遠傳,85,95.59,94.55,97.15,98.19,94.9000015258789,95.30000305175781,94.0999984741211,94.5999984741211,False,未觸發,
2026-04-09,2026-04-10,2352,佳世達,60,24.42,24.05,24.98,25.35,24.5,24.549999237060547,24.049999237060547,24.049999237060547,True,停損,-0.37
2026-04-09,2026-04-10,2356,英業達,60,43.93,43.27,44.92,45.58,44.0,44.75,43.900001525878906,44.29999923706055,True,收盤了結,0.37
2026-04-09,2026-04-10,3443,創意,50,2662.96,2623.14,2722.69,2762.51,2695.0,2720.0,2645.0,2665.0,True,收盤了結,2.04
2026-04-10,2026-04-13,2301,光寶科,50,161.98,159.56,165.61,168.03,159.5,159.5,153.0,153.5,False,未觸發,
2026-04-10,2026-04-13,2324,仁寶,50,28.28,27.86,28.91,29.33,28.25,29.100000381469727,27.700000762939453,29.0,True,達TP1(另一半SL),0.31
2026-04-10,2026-04-13,2327,國巨,50,285.85,281.58,292.26,296.53,300.5,311.0,292.0,303.5,True,達TP1+達TP2,8.54
2026-04-10,2026-04-13,2353,宏碁,50,27.5,27.09,28.12,28.52,27.200000762939453,27.350000381469727,27.049999237060547,27.100000381469727,False,未觸發,
2026-04-10,2026-04-13,4938,和碩,75,80.94,79.73,82.75,83.96,80.69999694824219,80.69999694824219,77.19999694824219,78.0,False,未觸發,
2026-04-10,2026-04-13,2377,微星,50,93.0,91.64,95.04,96.4,90.0999984741211,90.5999984741211,88.80000305175781,89.5999984741211,False,未觸發,
2026-04-13,2026-04-14,3008,大立光,60,2437.29,2400.84,2491.96,2528.41,2540.0,2670.0,2540.0,2670.0,True,達TP1+達TP2,72.89
2026-04-13,2026-04-14,2379,瑞昱,100,526.57,518.7,538.38,546.25,514.0,527.0,514.0,524.0,True,停損,-7.87
2026-04-13,2026-04-14,4938,和碩,50,81.0,79.83,82.75,83.93,78.5,79.0,78.30000305175781,78.5,False,未觸發,
2026-04-13,2026-04-14,4919,新唐,50,100.8,99.29,103.06,104.57,105.0,110.5,97.5,110.5,True,達TP1+達TP2,3.02
2026-04-14,2026-04-15,3008,大立光,51,2678.01,2637.96,2738.09,2778.14,2875.0,2930.0,2750.0,2820.0,True,達TP1+達TP2,80.1
2026-04-14,2026-04-15,2349,錸德,50,13.54,13.34,13.84,14.04,13.600000381469727,13.800000190734863,13.5,13.600000381469727,True,收盤了結,0.06
2026-04-14,2026-04-15,2392,正崴,50,34.3,33.79,35.06,35.57,34.54999923706055,37.599998474121094,34.5,36.54999923706055,True,達TP1+達TP2,1.02
2026-04-15,2026-04-16,2317,鴻海,60,208.0,204.89,212.67,215.78,207.5,211.0,206.0,207.0,True,收盤了結,-1.0
2026-04-15,2026-04-16,2354,鴻準,60,52.06,51.28,53.23,54.01,52.20000076293945,52.599998474121094,51.79999923706055,52.599998474121094,True,收盤了結,0.54
2026-04-15,2026-04-16,3034,聯詠,75,406.21,400.13,415.33,421.41,409.5,414.0,406.5,412.0,True,收盤了結,5.79
2026-04-15,2026-04-16,2353,宏碁,60,27.55,27.16,28.13,28.52,27.75,28.649999618530273,27.75,28.399999618530273,True,達TP1+達TP2,0.78
2026-04-15,2026-04-16,1605,華新,60,32.9,32.41,33.64,34.13,32.650001525878906,32.650001525878906,32.0,32.099998474121094,False,未觸發,
2026-04-15,2026-04-16,2352,佳世達,60,24.77,24.4,25.33,25.7,25.100000381469727,25.450000762939453,25.0,25.25,True,達TP1(另一半收),0.52
2026-04-15,2026-04-16,2912,統一超,100,232.19,229.61,236.06,238.64,231.5,234.0,231.0,234.0,True,收盤了結,1.81
2026-04-15,2026-04-16,2392,正崴,60,36.66,36.11,37.48,38.03,36.54999923706055,37.400001525878906,36.5,36.849998474121094,True,收盤了結,0.19
2026-04-16,2026-04-17,2454,聯發科,45,1900.68,1872.26,1943.31,1971.73,1930.0,1955.0,1885.0,1925.0,True,達TP1(另一半SL),21.31
2026-04-16,2026-04-17,2395,研華,75,356.06,350.74,364.04,369.36,360.0,372.0,359.5,366.0,True,達TP1+達TP2,10.64
2026-04-16,2026-04-17,2379,瑞昱,100,541.62,533.67,553.55,561.5,531.0,538.0,528.0,531.0,False,未觸發,
2026-04-16,2026-04-17,2353,宏碁,60,28.49,28.07,29.12,29.54,28.600000381469727,28.850000381469727,28.200000762939453,28.700000762939453,True,收盤了結,0.21
2026-04-16,2026-04-17,2303,聯電,45,68.5,67.48,70.03,71.05,68.30000305175781,74.80000305175781,67.5999984741211,73.0,True,達TP1+達TP2,2.04
2026-04-16,2026-04-17,2349,錸德,50,14.19,13.98,14.5,14.71,14.199999809265137,14.5,13.699999809265137,13.75,True,達TP1(另一半SL),0.16
2026-04-16,2026-04-17,3481,群創,50,28.3,27.89,28.91,29.32,27.049999237060547,27.049999237060547,25.799999237060547,25.899999618530273,False,未觸發,
2026-04-16,2026-04-17,2912,統一超,100,234.7,232.17,238.5,241.02,235.0,237.5,234.0,237.5,True,收盤了結,2.8
2026-04-17,2026-04-20,2324,仁寶,45,30.7,30.24,31.39,31.85,30.75,31.350000381469727,29.75,30.25,True,停損,-0.46
2026-04-17,2026-04-20,2395,研華,75,367.1,361.61,375.34,380.83,375.0,376.5,363.0,363.5,True,達TP1(另一半SL),4.12
2026-04-17,2026-04-20,2353,宏碁,75,28.79,28.38,29.41,29.81,29.200000762939453,29.200000762939453,28.450000762939453,28.549999237060547,True,收盤了結,-0.24
2026-04-17,2026-04-20,2357,華碩,75,600.8,591.81,614.28,623.27,606.0,609.0,601.0,605.0,True,收盤了結,4.2
2026-04-17,2026-04-20,4904,遠傳,100,97.69,96.72,99.14,100.11,96.80000305175781,98.5,96.19999694824219,98.19999694824219,True,停損,-0.97
2026-04-17,2026-04-20,2303,聯電,45,73.22,72.12,74.87,75.97,78.0,80.19999694824219,76.30000305175781,76.9000015258789,True,達TP1+達TP2,2.2
2026-04-17,2026-04-20,4938,和碩,75,83.25,82.0,85.12,86.38,84.30000305175781,84.30000305175781,82.0,82.69999694824219,True,停損,-1.25
2026-04-17,2026-04-20,2912,統一超,100,238.21,235.71,241.96,244.46,237.5,239.0,236.0,238.0,True,收盤了結,-0.21
2026-04-17,2026-04-20,2356,英業達,75,45.89,45.2,46.92,47.61,45.95000076293945,47.25,45.54999923706055,46.599998474121094,True,達TP1(另一半SL),0.52
2026-04-20,2026-04-21,2301,光寶科,75,165.49,163.02,169.19,171.67,165.0,173.5,163.5,171.5,True,達TP1+達TP2,4.94
2026-04-20,2026-04-21,3034,聯詠,75,416.24,410.01,425.59,431.82,411.5,417.5,411.0,415.5,True,收盤了結,-0.74
2026-04-20,2026-04-21,1605,華新,60,33.75,33.25,34.5,35.0,32.400001525878906,33.75,32.150001525878906,32.650001525878906,True,停損,-0.5
2026-04-20,2026-04-21,2356,英業達,75,46.74,46.04,47.79,48.49,47.0,47.79999923706055,46.75,47.349998474121094,True,達TP1(另一半收),0.83
2026-04-21,2026-04-22,2301,光寶科,45,172.01,169.44,175.86,178.43,172.0,178.0,170.0,176.0,True,達TP1(另一半SL),1.93
2026-04-21,2026-04-22,2354,鴻準,60,52.96,52.17,54.14,54.94,52.79999923706055,54.5,52.099998474121094,54.20000076293945,True,達TP1(另一半SL),0.59
2026-04-21,2026-04-22,4904,遠傳,75,98.5,97.43,100.1,101.17,96.19999694824219,96.4000015258789,95.30000305175781,95.4000015258789,False,未觸發,
2026-04-21,2026-04-22,1605,華新,60,34.8,34.31,35.53,36.02,32.650001525878906,32.650001525878906,31.450000762939453,31.600000381469727,False,未觸發,
2026-04-21,2026-04-22,2377,微星,75,94.08,92.67,96.19,97.6,94.4000015258789,97.5,93.80000305175781,97.5,True,達TP1(另一半SL),1.05
2026-04-22,2026-04-23,2454,聯發科,60,2301.88,2267.45,2353.53,2387.96,2325.0,2335.0,2170.0,2215.0,True,停損,-34.43
2026-04-22,2026-04-23,2317,鴻海,75,221.66,218.34,226.64,229.96,229.5,233.0,218.0,225.0,True,達TP1+達TP2,6.64
2026-04-22,2026-04-23,2354,鴻準,75,54.36,53.55,55.58,56.39,54.20000076293945,54.5,51.5,52.29999923706055,True,停損,-0.81
2026-04-22,2026-04-23,3034,聯詠,100,433.8,427.31,443.54,450.03,438.0,438.0,406.0,406.0,True,停損,-6.49
2026-04-22,2026-04-23,2377,微星,75,97.79,96.33,99.98,101.44,99.0,106.0,97.5999984741211,98.0,True,達TP1+達TP2,2.92
2026-04-23,2026-04-24,2330,台積電,75,2086.24,2056.42,2130.97,2160.79,2110.0,2190.0,2105.0,2185.0,True,達TP1+達TP2,59.64
2026-04-23,2026-04-24,2301,光寶科,50,178.0,175.53,181.7,184.18,166.0,170.5,162.5,169.5,False,未觸發,
2026-04-23,2026-04-24,2327,國巨,50,329.0,324.57,335.64,340.08,295.5,301.0,290.0,297.0,False,未觸發,
2026-04-23,2026-04-24,3034,聯詠,60,434.5,428.41,443.63,449.72,412.5,428.0,411.5,418.0,False,未觸發,
2026-04-23,2026-04-24,2379,瑞昱,60,567.0,558.87,579.19,587.33,542.0,544.0,530.0,539.0,False,未觸發,
2026-04-23,2026-04-24,4938,和碩,75,85.5,84.24,87.39,88.65,85.30000305175781,85.30000305175781,83.5999984741211,84.30000305175781,False,未觸發,
2026-04-23,2026-04-24,2377,微星,60,98.29,96.82,100.5,101.97,98.5,98.69999694824219,93.0999984741211,95.0999984741211,True,停損,-1.47
2026-04-24,2026-04-27,2330,台積電,60,2191.55,2159.15,2240.15,2272.55,2280.0,2330.0,2265.0,2265.0,True,達TP1+達TP2,64.8
2026-04-27,2026-04-28,2330,台積電,45,2271.79,2237.82,2322.74,2356.71,2245.0,2280.0,2215.0,2215.0,True,停損,-33.97
2026-04-27,2026-04-28,2395,研華,75,364.09,358.64,372.26,377.71,370.0,376.0,364.5,367.0,True,達TP1(另一半收),5.54
2026-04-30,2026-05-04,2301,光寶科,50,174.0,171.51,177.74,180.23,168.5,175.5,168.0,171.5,True,停損,-2.49
2026-04-30,2026-05-04,2354,鴻準,60,51.96,51.18,53.13,53.91,52.0,54.0,52.0,53.20000076293945,True,達TP1+達TP2,1.56
2026-04-30,2026-05-04,3711,日月光投控,50,492.0,484.83,502.75,509.93,497.0,525.0,497.0,525.0,True,達TP1+達TP2,14.34
2026-05-01,2026-05-04,2301,光寶科,50,174.0,171.51,177.74,180.23,168.5,175.5,168.0,171.5,True,停損,-2.49
2026-05-01,2026-05-04,2354,鴻準,60,51.96,51.18,53.13,53.91,52.0,54.0,52.0,53.20000076293945,True,達TP1+達TP2,1.56
2026-05-01,2026-05-04,3711,日月光投控,50,492.0,484.83,502.75,509.93,497.0,525.0,497.0,525.0,True,達TP1+達TP2,14.34
2026-05-04,2026-05-05,2354,鴻準,60,53.36,52.56,54.56,55.36,56.5,58.5,55.70000076293945,58.5,True,達TP1+達TP2,1.6
2026-05-04,2026-05-05,2395,研華,60,396.18,390.25,405.08,411.0,391.0,403.5,388.0,396.5,True,停損,-5.93
2026-05-04,2026-05-05,2353,宏碁,60,28.13,27.74,28.71,29.11,28.049999237060547,28.200000762939453,27.649999618530273,27.75,True,停損,-0.39
2026-05-04,2026-05-05,2357,華碩,60,592.77,584.18,605.65,614.25,590.0,594.0,588.0,590.0,True,收盤了結,-2.77
2026-05-04,2026-05-05,1605,華新,60,31.8,31.32,32.52,33.0,31.75,32.45000076293945,31.399999618530273,32.400001525878906,True,收盤了結,0.6
2026-05-04,2026-05-05,4938,和碩,60,83.3,82.08,85.13,86.35,81.5,81.69999694824219,80.9000015258789,81.5,False,未觸發,
2026-05-04,2026-05-05,4919,新唐,54,162.49,160.06,166.14,168.57,162.5,167.5,160.0,165.0,True,達TP1(另一半SL),1.82
2026-05-04,2026-05-05,2392,正崴,60,38.15,37.59,38.99,39.55,37.5,39.29999923706055,37.29999923706055,38.349998474121094,True,達TP1(另一半SL),0.42
2026-05-04,2026-05-05,3443,創意,54,4699.05,4628.78,4804.46,4874.73,4700.0,4930.0,4570.0,4835.0,True,達TP1+達TP2,140.54
2026-05-05,2026-05-06,2317,鴻海,60,240.22,236.63,245.61,249.19,246.5,253.0,245.0,252.0,True,達TP1+達TP2,7.18
2026-05-05,2026-05-06,2354,鴻準,60,58.68,57.8,60.0,60.88,62.0,64.30000305175781,60.20000076293945,64.30000305175781,True,達TP1+達TP2,1.76
2026-05-05,2026-05-06,2352,佳世達,60,25.02,24.65,25.58,25.95,25.049999237060547,26.0,24.75,25.850000381469727,True,達TP1+達TP2,0.74
2026-05-05,2026-05-06,3481,群創,50,27.33,26.92,27.94,28.35,27.799999237060547,28.899999618530273,26.799999237060547,28.100000381469727,True,達TP1+達TP2,0.82
2026-05-05,2026-05-06,2392,正崴,60,38.47,37.89,39.34,39.92,38.650001525878906,39.25,37.79999923706055,39.0,True,停損,-0.58
2026-05-06,2026-05-07,2454,聯發科,45,3440.29,3388.84,3517.46,3568.91,3430.0,3430.0,3295.0,3420.0,False,未觸發,
2026-05-06,2026-05-07,2317,鴻海,60,252.76,248.98,258.43,262.21,255.0,258.0,250.0,253.5,True,收盤了結,0.74
2026-05-06,2026-05-07,2382,廣達,85,347.54,342.34,355.34,360.54,349.0,352.5,341.0,344.0,True,停損,-5.2
2026-05-06,2026-05-07,2354,鴻準,60,64.49,63.53,65.93,66.89,64.80000305175781,65.30000305175781,62.5,63.29999923706055,True,停損,-0.96
2026-05-06,2026-05-07,2324,仁寶,50,29.45,29.01,30.11,30.55,29.299999237060547,29.5,29.0,29.450000762939453,True,停損,-0.44
2026-05-06,2026-05-07,3034,聯詠,100,442.82,436.2,452.75,459.37,448.0,453.0,440.0,453.0,True,達TP1(另一半SL),4.97
2026-05-06,2026-05-07,2357,華碩,75,630.89,621.46,645.03,654.46,633.0,655.0,625.0,639.0,True,達TP1+達TP2,18.86
2026-05-06,2026-05-07,2349,錸德,50,12.7,12.51,12.98,13.17,12.5,13.199999809265137,12.350000381469727,12.800000190734863,True,達TP1+達TP2,0.38
2026-05-06,2026-05-07,2352,佳世達,60,25.93,25.54,26.52,26.91,25.850000381469727,25.850000381469727,25.0,25.200000762939453,False,未觸發,
2026-05-06,2026-05-07,2377,微星,75,100.3,98.8,102.55,104.05,101.5,103.5,99.0999984741211,101.0,True,達TP1(另一半SL),1.12
2026-05-06,2026-05-07,3481,群創,50,28.18,27.76,28.81,29.23,28.799999237060547,30.100000381469727,28.149999618530273,29.75,True,達TP1+達TP2,0.84
2026-05-06,2026-05-07,2356,英業達,60,49.35,48.61,50.46,51.2,49.54999923706055,50.599998474121094,48.5,49.95000076293945,True,達TP1(另一半SL),0.55
2026-05-06,2026-05-07,3443,創意,54,4969.86,4895.53,5081.35,5155.68,4955.0,5450.0,4945.0,5450.0,True,達TP1+達TP2,148.66
2026-05-07,2026-05-08,2324,仁寶,50,29.5,29.06,30.16,30.6,29.899999618530273,30.25,29.149999618530273,29.649999618530273,True,達TP1(另一半SL),0.33
2026-05-07,2026-05-08,2395,研華,45,445.33,438.67,455.32,461.98,450.0,488.0,449.5,476.5,True,達TP1+達TP2,13.32
2026-05-07,2026-05-08,3034,聯詠,100,454.36,447.56,464.56,471.36,464.0,498.0,455.5,498.0,True,達TP1+達TP2,13.6
2026-05-07,2026-05-08,2357,華碩,75,640.92,631.33,655.3,664.89,640.0,670.0,638.0,650.0,True,達TP1+達TP2,19.18
2026-05-07,2026-05-08,1605,華新,51,35.96,35.42,36.77,37.31,36.0,36.04999923706055,32.650001525878906,33.75,True,停損,-0.54
2026-05-07,2026-05-08,2352,佳世達,60,26.0,25.62,26.57,26.95,25.100000381469727,25.399999618530273,24.799999237060547,24.850000381469727,False,未觸發,
2026-05-07,2026-05-08,4919,新唐,54,177.53,174.88,181.5,184.16,172.5,179.0,164.0,167.5,True,停損,-2.65
2026-05-07,2026-05-08,2356,英業達,75,50.1,49.35,51.23,51.98,50.0,51.0,48.849998474121094,49.54999923706055,True,停損,-0.75
2026-05-07,2026-05-08,2392,正崴,75,40.62,40.01,41.53,42.14,40.900001525878906,41.150001525878906,38.79999923706055,38.79999923706055,True,停損,-0.61
2026-05-08,2026-05-11,2324,仁寶,50,29.74,29.3,30.4,30.84,29.899999618530273,31.100000381469727,29.25,30.799999237060547,True,達TP1+達TP2,0.88
2026-05-08,2026-05-11,2395,研華,45,477.93,470.78,488.66,495.81,483.0,486.0,463.0,478.5,True,停損,-7.15
2026-05-08,2026-05-11,3034,聯詠,60,499.49,492.02,510.7,518.17,500.0,503.0,486.0,496.5,True,停損,-7.47
2026-05-08,2026-05-11,2379,瑞昱,85,593.78,584.9,607.1,615.98,615.0,615.0,581.0,584.0,True,達TP1(另一半SL),6.66
2026-05-08,2026-05-11,2357,華碩,75,655.0,645.25,669.62,679.38,661.0,699.0,658.0,686.0,True,達TP1+達TP2,19.5
2026-05-08,2026-05-11,4904,遠傳,60,96.3,95.25,97.88,98.93,96.30000305175781,96.9000015258789,95.9000015258789,96.19999694824219,True,收盤了結,-0.1
2026-05-11,2026-05-12,2324,仁寶,60,30.89,30.43,31.58,32.04,30.700000762939453,30.75,29.299999237060547,29.899999618530273,False,未觸發,
2026-05-11,2026-05-12,3034,聯詠,45,498.0,490.55,509.17,516.62,497.5,500.0,476.0,487.0,True,停損,-7.45
2026-05-11,2026-05-12,2379,瑞昱,60,592.0,583.24,605.14,613.9,581.0,583.0,555.0,555.0,False,未觸發,
2026-05-11,2026-05-12,2353,宏碁,60,28.89,28.48,29.51,29.91,28.950000762939453,29.049999237060547,28.200000762939453,28.299999237060547,True,停損,-0.41
2026-05-11,2026-05-12,2377,微星,45,107.82,106.21,110.23,111.84,114.0,118.0,103.5,105.0,True,達TP1+達TP2,3.22
2026-05-11,2026-05-12,4919,新唐,54,184.55,181.79,188.69,191.45,186.0,197.0,179.5,181.0,True,達TP1+達TP2,5.52
2026-05-12,2026-05-13,3008,大立光,60,2803.38,2761.45,2866.28,2908.21,2870.0,2870.0,2735.0,2850.0,True,達TP1(另一半SL),31.45
2026-05-12,2026-05-13,2303,聯電,54,104.81,103.24,107.17,108.74,102.0,102.0,94.5,98.4000015258789,False,未觸發,
2026-05-12,2026-05-13,2349,錸德,60,13.29,13.09,13.59,13.79,13.0,13.0,12.5,12.600000381469727,False,未觸發,
2026-05-12,2026-05-13,2377,微星,50,109.5,107.92,111.87,113.45,108.0,115.5,105.0,115.5,True,達TP1+達TP2,3.16
2026-05-13,2026-05-14,3008,大立光,60,2858.55,2815.8,2922.68,2965.43,2930.0,3135.0,2895.0,3135.0,True,達TP1+達TP2,85.5
2026-05-13,2026-05-14,2324,仁寶,60,31.39,30.92,32.09,32.56,31.600000381469727,31.799999237060547,30.149999618530273,30.25,True,停損,-0.47
2026-05-13,2026-05-14,2356,英業達,45,52.96,52.17,54.14,54.94,53.5,53.900001525878906,51.599998474121094,53.20000076293945,True,停損,-0.79
2026-05-14,2026-05-15,3008,大立光,60,3144.4,3097.38,3214.93,3261.95,3290.0,3445.0,3290.0,3445.0,True,達TP1+達TP2,94.04
2026-05-14,2026-05-15,2382,廣達,60,343.0,337.98,350.53,355.55,310.0,317.0,305.0,306.0,False,未觸發,
2026-05-15,2026-05-18,2317,鴻海,60,255.0,251.27,260.59,264.32,251.0,251.0,241.0,248.5,False,未觸發,
2026-05-15,2026-05-18,3443,創意,50,5515.0,5442.32,5624.02,5696.7,4625.0,4760.0,4560.0,4740.0,False,未觸發,
2026-05-18,2026-05-19,2327,國巨,54,502.5,494.99,513.76,521.27,501.0,516.0,485.5,497.0,True,達TP1(另一半SL),5.63
2026-05-19,2026-05-20,2912,統一超,50,228.0,225.71,231.44,233.72,228.5,229.5,221.5,222.0,True,停損,-2.29
2026-05-20,2026-05-21,4904,遠傳,75,99.5,98.36,101.21,102.35,97.19999694824219,97.5,95.69999694824219,95.69999694824219,False,未觸發,
2026-05-20,2026-05-21,2352,佳世達,60,26.13,25.74,26.71,27.11,26.450000762939453,27.450000762939453,26.100000381469727,27.200000762939453,True,達TP1+達TP2,0.78
2026-05-21,2026-05-22,2324,仁寶,60,30.44,29.98,31.13,31.59,30.950000762939453,32.20000076293945,30.5,31.5,True,達TP1+達TP2,0.92
2026-05-21,2026-05-22,2353,宏碁,60,28.49,28.06,29.13,29.56,28.600000381469727,29.950000762939453,28.5,29.549999237060547,True,達TP1+達TP2,0.86
2026-05-21,2026-05-22,4904,遠傳,65,99.4,98.26,101.11,102.25,95.69999694824219,96.69999694824219,94.69999694824219,95.5,False,未觸發,
2026-05-21,2026-05-22,1605,華新,50,35.61,35.08,36.41,36.94,35.70000076293945,37.099998474121094,35.29999923706055,36.5,True,達TP1+達TP2,1.06
2026-05-21,2026-05-22,2349,錸德,60,12.69,12.5,12.97,13.16,12.899999618530273,13.149999618530273,12.649999618530273,13.0,True,達TP1(另一半SL),0.14
2026-05-21,2026-05-22,2352,佳世達,75,27.28,26.87,27.9,28.3,28.200000762939453,29.299999237060547,28.049999237060547,28.75,True,達TP1+達TP2,0.82
2026-05-21,2026-05-22,2912,統一超,50,229.5,226.97,233.3,235.82,221.0,222.0,219.5,220.0,False,未觸發,
2026-05-21,2026-05-22,2356,英業達,75,54.26,53.45,55.47,56.28,56.79999923706055,59.5,54.79999923706055,59.5,True,達TP1+達TP2,1.62
2026-05-22,2026-05-25,2324,仁寶,60,31.59,31.12,32.3,32.77,33.5,34.650001525878906,33.29999923706055,34.650001525878906,True,達TP1+達TP2,0.95
2026-05-22,2026-05-25,3034,聯詠,60,487.5,480.22,498.42,505.7,489.5,498.0,487.5,489.0,True,收盤了結,1.5
2026-05-22,2026-05-25,2353,宏碁,60,29.64,29.2,30.3,30.74,31.799999237060547,32.5,30.850000381469727,32.5,True,達TP1+達TP2,0.88
2026-05-22,2026-05-25,4904,遠傳,50,97.5,96.36,99.21,100.35,95.5,95.5999984741211,94.19999694824219,94.19999694824219,False,未觸發,
2026-05-22,2026-05-25,1605,華新,50,36.61,36.06,37.43,37.98,37.900001525878906,38.400001525878906,37.400001525878906,37.95000076293945,True,達TP1+達TP2,1.09
2026-05-22,2026-05-25,2349,錸德,60,13.04,12.84,13.34,13.54,13.199999809265137,14.300000190734863,13.0,14.300000190734863,True,達TP1+達TP2,0.4
2026-05-22,2026-05-25,2352,佳世達,45,28.84,28.41,29.48,29.91,29.299999237060547,29.299999237060547,28.100000381469727,28.649999618530273,True,停損,-0.43
2026-05-22,2026-05-25,2377,微星,54,124.37,122.51,127.16,129.02,131.5,136.0,127.0,127.0,True,達TP1+達TP2,3.72
2026-05-22,2026-05-25,2912,統一超,50,224.0,221.54,227.69,230.15,221.0,221.0,212.5,212.5,False,未觸發,
2026-05-22,2026-05-25,2356,英業達,60,59.68,58.79,61.02,61.91,65.4000015258789,65.4000015258789,62.900001525878906,65.4000015258789,True,達TP1+達TP2,1.79
2026-05-25,2026-05-26,2317,鴻海,75,261.78,257.86,267.66,271.58,262.5,263.5,257.0,259.0,True,停損,-3.92
2026-05-25,2026-05-26,2354,鴻準,60,61.28,60.36,62.66,63.58,61.599998474121094,61.900001525878906,59.5,60.5,True,停損,-0.92
2026-05-25,2026-05-26,2324,仁寶,60,34.75,34.23,35.53,36.05,35.95000076293945,35.95000076293945,32.79999923706055,33.599998474121094,True,達TP1(另一半SL),0.39
2026-05-25,2026-05-26,2353,宏碁,60,32.6,32.11,33.34,33.83,34.25,34.25,31.200000762939453,31.899999618530273,True,達TP1+達TP2,0.98
2026-05-25,2026-05-26,2357,華碩,45,711.13,700.5,727.08,737.7,711.0,717.0,694.0,699.0,True,停損,-10.63
2026-05-25,2026-05-26,2303,聯電,54,125.37,123.5,128.18,130.05,129.0,133.5,128.0,130.5,True,達TP1+達TP2,3.75
2026-05-25,2026-05-26,2349,錸德,45,14.34,14.13,14.65,14.86,14.550000190734863,14.600000381469727,13.199999809265137,13.5,True,停損,-0.21
2026-05-25,2026-05-26,4938,和碩,60,81.44,80.22,83.27,84.49,81.80000305175781,82.5,80.69999694824219,81.4000015258789,True,收盤了結,-0.04
2026-05-25,2026-05-26,4919,新唐,54,219.66,216.38,224.58,227.86,226.0,230.0,206.0,211.0,True,達TP1+達TP2,6.56
2026-05-25,2026-05-26,2356,英業達,60,65.6,64.62,67.07,68.05,69.0,69.5,61.5,62.599998474121094,True,達TP1+達TP2,1.96
2026-05-26,2026-05-27,2349,錸德,50,14.3,14.1,14.6,14.8,13.5,14.199999809265137,13.25,13.850000381469727,False,未觸發,
2026-05-27,2026-05-28,2379,瑞昱,60,606.81,597.73,620.43,629.51,605.0,616.0,593.0,594.0,True,停損,-9.08
2026-05-27,2026-05-28,2912,統一超,50,219.0,216.17,223.25,226.08,207.5,211.5,203.5,207.0,False,未觸發,
2026-05-28,2026-05-29,2330,台積電,75,2330.0,2295.57,2381.64,2416.07,2340.0,2375.0,2330.0,2355.0,True,收盤了結,25.0
2026-05-28,2026-05-29,2912,統一超,50,210.5,207.53,214.95,217.93,209.0,218.0,205.0,214.0,True,達TP1+達TP2,5.94
2026-05-29,2026-06-01,2330,台積電,75,2360.0,2324.68,2412.98,2448.3,2355.0,2415.0,2350.0,2355.0,True,達TP1(另一半SL),26.49
2026-05-29,2026-06-01,2317,鴻海,60,289.87,285.54,296.37,300.69,302.0,304.5,293.0,293.5,True,達TP1+達TP2,8.66
2026-05-29,2026-06-01,2382,廣達,60,340.02,334.94,347.64,352.72,366.0,372.5,361.0,372.5,True,達TP1+達TP2,10.16
2026-05-29,2026-06-01,2354,鴻準,60,61.08,60.17,62.44,63.35,61.599998474121094,64.0,61.400001525878906,62.79999923706055,True,達TP1+達TP2,1.82
2026-05-29,2026-06-01,2324,仁寶,54,36.81,36.26,37.64,38.19,40.04999923706055,40.349998474121094,40.04999923706055,40.349998474121094,True,達TP1+達TP2,1.1
2026-05-29,2026-06-01,2395,研華,50,523.0,515.58,534.13,541.55,505.0,525.0,505.0,517.0,True,停損,-7.42
2026-05-29,2026-06-01,3034,聯詠,75,496.0,488.85,506.72,513.88,484.0,497.0,480.0,496.5,True,停損,-7.15
2026-05-29,2026-06-01,2379,瑞昱,60,616.0,607.3,629.05,637.75,595.0,610.0,583.0,609.0,False,未觸發,
2026-05-29,2026-06-01,2357,華碩,60,763.28,751.87,780.39,791.8,837.0,837.0,837.0,837.0,True,達TP1+達TP2,22.81
2026-05-29,2026-06-01,4904,遠傳,50,94.9,93.8,96.55,97.65,95.4000015258789,97.5999984741211,94.5999984741211,97.0999984741211,True,達TP1(另一半SL),0.82
2026-05-29,2026-06-01,4938,和碩,60,88.77,87.44,90.76,92.09,92.0,92.0999984741211,89.5,91.19999694824219,True,達TP1+達TP2,2.66
2026-05-29,2026-06-01,2912,統一超,50,214.64,211.43,219.45,222.66,217.0,230.5,215.5,227.5,True,達TP1+達TP2,6.42
2026-05-29,2026-06-01,2383,台光電,65,5515.0,5438.2,5630.2,5707.0,5130.0,5280.0,4985.0,5070.0,False,未觸發,
2026-05-29,2026-06-01,2356,英業達,54,70.41,69.36,71.98,73.03,71.5,77.19999694824219,69.19999694824219,77.19999694824219,True,達TP1+達TP2,2.1
2026-05-29,2026-06-01,2392,正崴,60,39.37,38.78,40.25,40.84,40.04999923706055,42.20000076293945,39.70000076293945,41.849998474121094,True,達TP1+達TP2,1.18
2026-06-01,2026-06-02,2354,鴻準,60,62.99,62.05,64.4,65.34,63.5,64.5,62.79999923706055,64.0,True,達TP1(另一半SL),0.71
2026-06-01,2026-06-02,4938,和碩,45,91.47,90.1,93.53,94.9,92.0,99.5,90.80000305175781,97.80000305175781,True,達TP1+達TP2,2.75
2026-06-01,2026-06-02,2352,佳世達,45,30.74,30.28,31.43,31.89,30.649999618530273,31.5,30.149999618530273,31.5,True,達TP1(另一半SL),0.35
2026-06-01,2026-06-02,2356,英業達,54,77.43,76.27,79.17,80.33,77.0,83.5,75.30000305175781,80.5999984741211,True,達TP1+達TP2,2.32
2026-06-01,2026-06-02,2392,正崴,45,41.98,41.35,42.92,43.55,42.29999923706055,42.29999923706055,40.400001525878906,41.75,True,停損,-0.63
2026-06-02,2026-06-03,2354,鴻準,60,64.19,63.23,65.63,66.59,65.0,66.4000015258789,63.20000076293945,65.0999984741211,True,達TP1(另一半SL),0.72
2026-06-02,2026-06-03,3034,聯詠,75,508.52,500.91,519.93,527.54,511.0,512.0,500.0,503.0,True,停損,-7.61
2026-06-02,2026-06-03,2379,瑞昱,60,654.96,645.17,669.65,679.44,685.0,689.0,642.0,646.0,True,達TP1+達TP2,19.58
2026-06-02,2026-06-03,2353,宏碁,60,42.68,42.04,43.64,44.28,44.0,44.20000076293945,41.79999923706055,43.400001525878906,True,達TP1(另一半SL),0.48
2026-06-02,2026-06-03,2357,華碩,60,922.76,908.96,943.46,957.26,954.0,964.0,899.0,931.0,True,達TP1+達TP2,27.6
2026-06-02,2026-06-03,4938,和碩,45,98.09,96.62,100.3,101.77,100.0,102.5,96.9000015258789,98.5,True,達TP1+達TP2,2.94
2026-06-02,2026-06-03,2352,佳世達,60,31.59,31.12,32.3,32.77,33.75,34.650001525878906,33.70000076293945,34.650001525878906,True,達TP1+達TP2,0.95
2026-06-03,2026-06-04,2354,鴻準,75,65.3,64.32,66.77,67.75,64.5999984741211,64.80000305175781,62.20000076293945,62.29999923706055,False,未觸發,
2026-06-03,2026-06-04,2353,宏碁,45,43.53,42.88,44.5,45.16,42.400001525878906,42.599998474121094,39.099998474121094,39.099998474121094,False,未觸發,
2026-06-03,2026-06-04,2349,錸德,54,16.2,15.96,16.56,16.8,16.0,16.100000381469727,14.800000190734863,14.899999618530273,False,未觸發,
2026-06-03,2026-06-04,2392,正崴,60,44.28,43.62,45.27,45.93,44.0,44.0,41.650001525878906,42.0,False,未觸發,
2026-06-08,2026-06-09,2330,台積電,75,2405.0,2370.57,2456.64,2491.07,2305.0,2320.0,2295.0,2305.0,False,未觸發,
2026-06-15,2026-06-16,1605,華新,50,40.12,39.52,41.02,41.62,40.04999923706055,40.400001525878906,39.0,39.150001525878906,True,停損,-0.6
2026-06-16,2026-06-17,4904,遠傳,60,112.84,111.27,115.2,116.77,112.5,113.5,107.5,109.5,True,停損,-1.57
2026-06-16,2026-06-17,3443,創意,50,4934.76,4860.96,5045.46,5119.26,4900.0,5135.0,4830.0,5075.0,True,達TP1+達TP2,147.6
2026-06-17,2026-06-18,3034,聯詠,75,516.54,508.81,528.13,535.86,518.0,540.0,514.0,516.0,True,達TP1+達TP2,15.46
2026-06-17,2026-06-18,2353,宏碁,55,39.25,38.73,40.03,40.55,35.04999923706055,35.29999923706055,34.349998474121094,34.400001525878906,False,未觸發,
2026-06-17,2026-06-18,3443,創意,50,5090.22,5014.1,5204.4,5280.52,5160.0,5160.0,4860.0,4860.0,True,停損,-76.12
2026-06-18,2026-06-22,2330,台積電,75,2417.23,2382.84,2468.81,2503.2,2455.0,2510.0,2455.0,2510.0,True,達TP1+達TP2,68.77
2026-06-18,2026-06-22,2354,鴻準,50,58.07,57.2,59.38,60.24,58.400001525878906,58.70000076293945,57.5,58.0,True,收盤了結,-0.07
2026-06-18,2026-06-22,2327,國巨,54,1083.24,1067.04,1107.54,1123.74,1115.0,1120.0,1040.0,1065.0,True,達TP1(另一半SL),12.15
2026-06-18,2026-06-22,2395,研華,50,495.48,488.07,506.6,514.01,501.0,511.0,494.5,499.5,True,達TP1(另一半SL),5.56
2026-06-18,2026-06-22,3034,聯詠,60,519.0,511.26,530.61,538.35,529.0,567.0,526.0,567.0,True,達TP1+達TP2,15.48
2026-06-18,2026-06-22,2379,瑞昱,54,821.46,809.18,839.88,852.16,840.0,900.0,840.0,900.0,True,達TP1+達TP2,24.56
2026-06-18,2026-06-22,2357,華碩,50,803.0,791.16,820.76,832.6,793.0,806.0,788.0,788.0,True,停損,-11.84
2026-06-18,2026-06-22,4904,遠傳,75,113.5,111.87,115.94,117.57,108.0,109.5,104.5,108.0,False,未觸發,
2026-06-18,2026-06-22,3481,群創,54,64.59,63.62,66.05,67.02,69.4000015258789,69.9000015258789,66.0,66.0,True,達TP1+達TP2,1.94
2026-06-18,2026-06-22,2912,統一超,65,230.0,226.65,235.02,238.38,224.5,225.5,221.0,221.0,False,未觸發,
2026-06-18,2026-06-22,3711,日月光投控,50,614.84,605.64,628.64,637.84,660.0,674.0,652.0,674.0,True,達TP1+達TP2,18.4
2026-06-19,2026-06-22,2330,台積電,75,2417.23,2382.84,2468.81,2503.2,2455.0,2510.0,2455.0,2510.0,True,達TP1+達TP2,68.77
2026-06-19,2026-06-22,2354,鴻準,50,58.07,57.2,59.38,60.24,58.400001525878906,58.70000076293945,57.5,58.0,True,收盤了結,-0.07
2026-06-19,2026-06-22,2327,國巨,54,1083.24,1067.04,1107.54,1123.74,1115.0,1120.0,1040.0,1065.0,True,達TP1(另一半SL),12.15
2026-06-19,2026-06-22,2395,研華,50,495.48,488.07,506.6,514.01,501.0,511.0,494.5,499.5,True,達TP1(另一半SL),5.56
2026-06-19,2026-06-22,3034,聯詠,60,519.0,511.26,530.61,538.35,529.0,567.0,526.0,567.0,True,達TP1+達TP2,15.48
2026-06-19,2026-06-22,2379,瑞昱,54,821.46,809.18,839.88,852.16,840.0,900.0,840.0,900.0,True,達TP1+達TP2,24.56
2026-06-19,2026-06-22,2357,華碩,50,803.0,791.16,820.76,832.6,793.0,806.0,788.0,788.0,True,停損,-11.84
2026-06-19,2026-06-22,4904,遠傳,75,113.5,111.87,115.94,117.57,108.0,109.5,104.5,108.0,False,未觸發,
2026-06-19,2026-06-22,3481,群創,54,64.59,63.62,66.05,67.02,69.4000015258789,69.9000015258789,66.0,66.0,True,達TP1+達TP2,1.94
2026-06-19,2026-06-22,2912,統一超,65,230.0,226.65,235.02,238.38,224.5,225.5,221.0,221.0,False,未觸發,
2026-06-19,2026-06-22,3711,日月光投控,50,614.84,605.64,628.64,637.84,660.0,674.0,652.0,674.0,True,達TP1+達TP2,18.4
2026-06-22,2026-06-23,2301,光寶科,50,232.19,228.72,237.39,240.87,234.5,241.0,223.5,223.5,True,達TP1+達TP2,6.94
2026-06-22,2026-06-23,2354,鴻準,50,58.2,57.33,59.51,60.38,58.0,58.400001525878906,56.5,56.599998474121094,True,停損,-0.87
2026-06-22,2026-06-23,3034,聯詠,60,568.7,560.2,581.45,589.95,600.0,606.0,543.0,544.0,True,達TP1+達TP2,17.0
2026-06-22,2026-06-23,2379,瑞昱,54,902.7,889.2,922.95,936.45,948.0,970.0,857.0,863.0,True,達TP1+達TP2,27.0
2026-06-22,2026-06-23,4904,遠傳,75,110.5,108.88,112.93,114.55,108.5,109.5,105.5,107.0,False,未觸發,
2026-06-22,2026-06-23,3711,日月光投控,45,676.02,665.91,691.18,701.3,679.0,700.0,662.0,662.0,True,達TP1(另一半SL),7.58
2026-06-23,2026-06-24,3034,聯詠,60,567.0,558.84,579.24,587.4,540.0,546.0,525.0,543.0,False,未觸發,
2026-06-23,2026-06-24,4904,遠傳,75,109.5,107.89,111.91,113.53,107.5,107.5,104.0,107.0,False,未觸發,
2026-06-23,2026-06-24,2352,佳世達,75,31.8,31.33,32.5,32.97,30.75,31.350000381469727,30.25,30.600000381469727,False,未觸發,
2026-06-24,2026-06-25,2330,台積電,75,2535.0,2499.15,2588.77,2624.62,2410.0,2420.0,2390.0,2390.0,False,未觸發,
2026-06-26,2026-06-29,3008,大立光,50,5235.0,5164.2,5341.2,5412.0,4640.0,4730.0,4315.0,4380.0,False,未觸發,
2026-06-29,2026-06-30,2377,微星,50,139.42,137.33,142.55,144.64,142.0,146.0,139.5,146.0,True,達TP1+達TP2,4.18
2026-06-30,2026-07-01,2352,佳世達,60,34.2,33.69,34.97,35.48,34.099998474121094,34.75,32.25,32.349998474121094,True,停損,-0.51
2026-06-30,2026-07-01,2377,微星,60,146.44,144.25,149.72,151.91,147.0,147.0,139.5,145.5,True,停損,-2.19
2026-07-01,2026-07-02,2377,微星,60,146.0,143.82,149.27,151.45,142.5,147.0,141.0,143.0,True,停損,-2.18
2026-07-02,2026-07-03,2912,統一超,60,229.19,225.79,234.29,237.69,227.0,237.5,227.0,231.0,True,達TP1(另一半SL),2.55
2026-07-03,2026-07-06,3711,日月光投控,65,729.0,718.77,744.35,754.58,698.0,712.0,676.0,679.0,False,未觸發,
2026-07-03,2026-07-06,2383,台光電,54,6098.24,6007.04,6235.04,6326.24,6225.0,6250.0,5475.0,5475.0,True,達TP1(另一半SL),68.4
2026-07-03,2026-07-06,2392,正崴,60,39.87,39.27,40.77,41.37,40.29999923706055,41.70000076293945,39.79999923706055,39.79999923706055,True,達TP1+達TP2,1.2
2026-07-06,2026-07-07,2382,廣達,45,379.13,373.46,387.63,393.31,374.5,380.0,372.5,373.0,True,停損,-5.67
2026-07-06,2026-07-07,2354,鴻準,45,58.58,57.7,59.9,60.78,58.29999923706055,59.099998474121094,56.5,56.900001525878906,True,停損,-0.88
2026-07-06,2026-07-07,2352,佳世達,54,35.51,34.98,36.3,36.84,36.099998474121094,36.29999923706055,34.099998474121094,34.45000076293945,True,停損,-0.53
2026-07-06,2026-07-07,2912,統一超,75,240.72,237.12,246.12,249.72,240.0,243.0,239.0,240.0,True,收盤了結,-0.72
2026-07-06,2026-07-07,2383,台光電,50,6080.0,5997.88,6203.18,6285.3,5475.0,5550.0,5200.0,5220.0,False,未觸發,
2026-07-06,2026-07-07,2392,正崴,45,40.4,39.8,41.3,41.9,40.0,40.0,37.099998474121094,37.400001525878906,False,未觸發,
2026-07-07,2026-07-08,2352,佳世達,50,35.4,34.88,36.18,36.7,35.400001525878906,35.70000076293945,33.650001525878906,34.400001525878906,True,停損,-0.52
2026-07-08,2026-07-09,2395,研華,60,547.64,539.45,559.92,568.11,547.0,562.0,537.0,540.0,True,達TP1(另一半SL),6.14
2026-07-08,2026-07-09,3034,聯詠,75,553.0,544.84,565.24,573.4,549.0,549.0,535.0,542.0,False,未觸發,
2026-07-08,2026-07-09,2377,微星,50,143.5,141.37,146.69,148.82,143.5,147.5,141.5,145.0,True,達TP1(另一半SL),1.59
2026-07-09,2026-07-10,2324,仁寶,50,36.71,36.16,37.54,38.09,36.599998474121094,36.599998474121094,36.599998474121094,36.599998474121094,False,未觸發,
2026-07-09,2026-07-10,2395,研華,50,546.0,537.9,558.15,566.25,540.0,540.0,540.0,540.0,False,未觸發,
2026-07-09,2026-07-10,3034,聯詠,75,547.0,538.87,559.19,567.33,542.0,542.0,542.0,542.0,False,未觸發,
2026-07-09,2026-07-10,2377,微星,75,147.0,144.82,150.27,152.45,145.0,145.0,145.0,145.0,False,未觸發,
2026-07-13,2026-07-14,2330,台積電,60,2447.32,2412.82,2499.07,2533.57,2410.0,2430.0,2390.0,2420.0,False,未觸發,
2026-07-13,2026-07-14,2324,仁寶,45,36.76,36.21,37.58,38.13,36.79999923706055,36.849998474121094,34.70000076293945,35.54999923706055,True,停損,-0.55
2026-07-13,2026-07-14,2357,華碩,50,706.11,695.55,721.95,732.51,710.0,710.0,690.0,703.0,True,停損,-10.56
2026-07-13,2026-07-14,2377,微星,60,149.95,147.71,153.31,155.55,148.0,148.0,140.5,147.0,False,未觸發,
2026-07-14,2026-07-15,2330,台積電,50,2480.0,2445.82,2531.27,2565.45,2425.0,2460.0,2415.0,2440.0,False,未觸發,
2026-07-14,2026-07-15,2317,鴻海,50,242.5,238.97,247.8,251.32,236.0,241.0,235.5,239.0,False,未觸發,
2026-07-14,2026-07-15,2382,廣達,75,385.0,379.3,393.55,399.25,383.5,384.0,376.0,381.0,False,未觸發,
2026-07-14,2026-07-15,2354,鴻準,50,57.9,57.06,59.16,60.0,56.099998474121094,56.79999923706055,56.0,56.400001525878906,False,未觸發,
2026-07-14,2026-07-15,4938,和碩,50,84.0,82.77,85.84,87.08,82.5,83.0,81.80000305175781,82.69999694824219,False,未觸發,
2026-07-14,2026-07-15,2912,統一超,75,244.0,240.88,248.68,251.8,242.5,244.5,241.0,244.5,True,收盤了結,0.5
2026-07-15,2026-07-16,2382,廣達,75,382.14,376.43,390.7,396.41,360.5,360.5,349.0,352.0,False,未觸發,
2026-07-15,2026-07-16,2303,聯電,50,166.5,164.01,170.24,172.73,161.5,168.0,159.0,160.0,True,停損,-2.49
2026-07-15,2026-07-16,2912,統一超,75,245.23,242.18,249.8,252.85,244.5,249.0,243.0,245.5,True,收盤了結,0.27
2026-07-16,2026-07-17,2382,廣達,50,384.0,378.72,391.92,397.2,346.0,349.0,324.5,325.5,False,未觸發,
2026-07-16,2026-07-17,4904,遠傳,50,101.3,99.78,103.58,105.1,101.0,104.5,101.0,103.0,True,達TP1(另一半SL),1.14
2026-07-16,2026-07-17,4938,和碩,60,83.45,82.2,85.33,86.58,82.30000305175781,83.69999694824219,82.0999984741211,82.19999694824219,True,停損,-1.25
2026-07-16,2026-07-17,2912,統一超,75,246.24,243.15,250.88,253.97,245.0,246.5,240.5,243.0,True,停損,-3.09
2026-07-17,2026-07-20,2324,仁寶,75,36.5,35.96,37.31,37.85,36.04999923706055,36.20000076293945,33.70000076293945,34.400001525878906,False,未觸發,
2026-07-17,2026-07-20,4938,和碩,50,83.3,82.07,85.15,86.38,82.9000015258789,83.19999694824219,80.0,80.0,False,未觸發,
2026-07-17,2026-07-20,2912,統一超,75,249.0,245.88,253.68,256.8,244.5,246.5,238.0,243.5,False,未觸發,
2026-07-20,2026-07-21,2395,研華,50,519.0,511.26,530.61,538.35,525.0,567.0,519.0,567.0,True,達TP1+達TP2,15.48
2026-07-21,2026-07-22,2357,華碩,75,738.21,727.17,754.77,765.81,740.0,772.0,740.0,757.0,True,達TP1+達TP2,22.08
2026-07-22,2026-07-23,3034,聯詠,50,502.5,494.99,513.76,521.27,501.0,509.0,495.0,503.0,True,收盤了結,0.5
2026-07-22,2026-07-23,2377,微星,60,155.46,153.14,158.94,161.26,157.5,158.0,149.0,152.0,True,停損,-2.32
2026-07-23,2026-07-24,4938,和碩,60,87.46,86.15,89.42,90.73,87.19999694824219,90.4000015258789,87.0,88.4000015258789,True,達TP1(另一半SL),0.98
2026-07-28,2026-07-29,2330,台積電,50,2365.0,2330.8,2416.3,2450.5,2260.0,2280.0,2180.0,2200.0,False,未觸發,
2026-07-28,2026-07-29,2353,宏碁,50,30.35,29.92,31.0,31.43,29.100000381469727,29.549999237060547,27.700000762939453,28.649999618530273,False,未觸發,
2026-07-28,2026-07-29,2392,正崴,50,35.9,35.38,36.68,37.2,35.0,35.099998474121094,32.849998474121094,33.599998474121094,False,未觸發,
2026-07-29,2026-07-30,2317,鴻海,50,247.0,243.44,252.34,255.9,236.0,237.5,226.5,229.5,False,未觸發,
2026-07-29,2026-07-30,3034,聯詠,45,514.0,506.43,525.36,532.92,501.0,512.0,486.5,491.0,False,未觸發,
2026-07-29,2026-07-30,2357,華碩,75,763.0,751.59,780.12,791.52,762.0,762.0,722.0,737.0,False,未觸發,
2026-07-29,2026-07-30,4904,遠傳,75,107.5,105.9,109.9,111.5,106.5,106.5,104.0,105.5,False,未觸發,
2026-07-29,2026-07-30,2912,統一超,60,241.72,238.6,246.4,249.52,232.5,235.0,224.0,230.0,False,未觸發,
2026-07-30,2026-07-31,2912,統一超,50,242.0,238.55,247.17,250.62,226.5,230.5,223.0,224.0,False,未觸發,
2026-07-31,2026-08-03,2330,台積電,60,2432.27,2395.89,2486.84,2523.22,2390.0,2395.0,2365.0,2370.0,False,未觸發,
2026-07-31,2026-08-03,2317,鴻海,60,251.25,247.49,256.89,260.65,244.5,254.0,242.5,253.0,True,停損,-3.76
2026-07-31,2026-08-03,2354,鴻準,60,56.67,55.82,57.95,58.8,56.099998474121094,56.900001525878906,55.20000076293945,56.400001525878906,True,停損,-0.85
2026-07-31,2026-08-03,3034,聯詠,50,520.56,512.77,532.24,540.03,510.0,527.0,510.0,519.0,True,停損,-7.79
2026-07-31,2026-08-03,2357,華碩,45,812.43,800.28,830.65,842.8,790.0,813.0,786.0,799.0,True,停損,-12.15
2026-07-31,2026-08-03,2912,統一超,50,235.0,231.64,240.04,243.4,225.0,225.0,220.0,220.5,False,未觸發,
2026-08-04,2026-08-05,2301,光寶科,54,252.76,248.98,258.43,262.21,260.0,268.5,247.0,249.0,True,達TP1+達TP2,7.56
2026-08-05,2026-08-06,2353,宏碁,60,30.34,29.89,31.02,31.46,30.100000381469727,30.450000762939453,29.75,30.0,True,停損,-0.45
2026-08-05,2026-08-06,1605,華新,50,34.95,34.43,35.73,36.25,34.650001525878906,35.0,34.04999923706055,34.25,True,停損,-0.52
2026-08-05,2026-08-06,2392,正崴,60,37.11,36.55,37.95,38.51,36.79999923706055,37.95000076293945,36.25,37.400001525878906,True,達TP1(另一半SL),0.42
2026-08-06,2026-08-07,2354,鴻準,100,61.18,60.27,62.54,63.45,62.70000076293945,64.80000305175781,60.79999923706055,61.79999923706055,True,達TP1+達TP2,1.82
2026-08-10,2026-08-11,2352,佳世達,50,29.69,29.25,30.35,30.79,29.700000762939453,29.850000381469727,28.700000762939453,28.899999618530273,True,停損,-0.44
2026-08-11,2026-08-12,2327,國巨,50,618.85,609.6,632.73,641.98,607.0,625.0,600.0,602.0,True,停損,-9.25
2026-08-11,2026-08-12,4938,和碩,75,89.7,88.36,91.71,93.05,88.9000015258789,91.5,88.9000015258789,91.4000015258789,True,收盤了結,1.7
2026-08-11,2026-08-12,2392,正崴,45,39.72,39.13,40.6,41.19,39.79999923706055,40.95000076293945,39.70000076293945,39.79999923706055,True,達TP1(另一半SL),0.44
2026-08-12,2026-08-13,2324,仁寶,100,40.02,39.42,40.92,41.52,40.099998474121094,41.70000076293945,39.099998474121094,39.29999923706055,True,達TP1+達TP2,1.2
2026-08-12,2026-08-13,2353,宏碁,75,31.85,31.37,32.57,33.05,32.20000076293945,32.5,31.5,31.549999237060547,True,收盤了結,-0.3
2026-08-12,2026-08-13,4938,和碩,100,91.67,90.3,93.73,95.1,93.5999984741211,100.5,93.5,94.80000305175781,True,達TP1+達TP2,2.74
2026-08-12,2026-08-13,2377,微星,54,169.51,166.97,173.32,175.86,171.0,173.5,162.5,168.0,True,達TP1(另一半SL),1.91
2026-08-12,2026-08-13,2392,正崴,45,40.0,39.4,40.9,41.5,40.5,40.54999923706055,38.79999923706055,39.150001525878906,True,停損,-0.6
2026-08-13,2026-08-14,2317,鴻海,60,270.5,266.57,276.39,280.33,262.0,264.5,257.5,259.5,False,未觸發,
2026-08-13,2026-08-14,2324,仁寶,60,39.9,39.31,40.79,41.38,40.29999923706055,43.20000076293945,40.29999923706055,43.20000076293945,True,達TP1+達TP2,1.18
2026-08-13,2026-08-14,4904,遠傳,50,102.0,100.51,104.23,105.72,98.30000305175781,99.4000015258789,98.0999984741211,99.0,False,未觸發,
2026-08-13,2026-08-14,4938,和碩,60,95.08,93.66,97.21,98.63,95.30000305175781,97.0,93.69999694824219,94.80000305175781,True,收盤了結,-0.28
2026-08-13,2026-08-14,2912,統一超,50,221.0,218.11,225.33,228.22,217.0,217.0,214.0,214.5,False,未觸發,
2026-08-13,2026-08-14,2356,英業達,50,71.1,70.07,72.64,73.67,71.0,73.5,69.4000015258789,69.9000015258789,True,達TP1(另一半SL),0.77
2026-08-14,2026-08-17,2382,廣達,60,328.5,323.59,335.87,340.78,332.0,339.0,330.5,333.5,True,達TP1(另一半收),6.19
2026-08-14,2026-08-17,2324,仁寶,60,43.33,42.68,44.3,44.95,43.349998474121094,44.95000076293945,40.95000076293945,41.650001525878906,True,達TP1+達TP2,1.3
2026-08-14,2026-08-17,2353,宏碁,75,32.5,32.02,33.22,33.7,32.5,32.54999923706055,30.75,31.450000762939453,True,停損,-0.48
2026-08-14,2026-08-17,2357,華碩,45,998.99,984.05,1021.4,1036.34,985.0,986.0,921.0,938.0,False,未觸發,
2026-08-14,2026-08-17,2349,錸德,60,11.63,11.46,11.89,12.05,11.399999618530273,11.75,11.199999809265137,11.600000381469727,True,停損,-0.17
2026-08-14,2026-08-17,2352,佳世達,75,29.59,29.15,30.25,30.69,29.700000762939453,29.75,28.700000762939453,29.0,True,停損,-0.44
2026-08-14,2026-08-17,2392,正崴,60,43.18,42.53,44.16,44.8,43.25,44.75,42.25,43.29999923706055,True,達TP1(另一半SL),0.49
2026-08-19,2026-08-20,3034,聯詠,60,535.6,527.59,547.62,555.62,545.0,553.0,520.0,527.0,True,達TP1(另一半SL),6.01
2026-08-19,2026-08-20,2379,瑞昱,50,740.21,729.14,756.82,767.89,742.0,745.0,696.0,703.0,True,停損,-11.07
2026-08-21,2026-08-24,2912,統一超,60,224.17,221.47,228.22,230.92,222.5,224.0,220.0,223.5,False,未觸發,
2026-08-24,2026-08-25,2324,仁寶,50,41.72,41.1,42.65,43.27,41.599998474121094,41.849998474121094,39.650001525878906,40.79999923706055,True,停損,-0.62
2026-08-25,2026-08-26,2301,光寶科,54,296.89,292.45,303.55,307.99,295.0,312.5,291.0,307.0,True,達TP1+達TP2,8.88
2026-08-25,2026-08-26,3034,聯詠,75,556.66,548.33,569.15,577.48,556.0,567.0,550.0,557.0,True,收盤了結,0.34
2026-08-25,2026-08-26,2349,錸德,50,11.05,10.89,11.29,11.45,10.949999809265137,11.149999618530273,10.949999809265137,11.149999618530273,True,收盤了結,0.1
2026-08-25,2026-08-26,2352,佳世達,50,29.15,28.73,29.78,30.2,28.200000762939453,28.5,28.0,28.100000381469727,False,未觸發,
2026-08-26,2026-08-27,2354,鴻準,60,61.68,60.76,63.06,63.98,61.599998474121094,65.30000305175781,61.599998474121094,64.4000015258789,True,達TP1+達TP2,1.84
2026-08-27,2026-08-28,2317,鴻海,50,252.76,248.98,258.43,262.21,255.5,256.5,251.0,253.0,True,收盤了結,0.24
2026-08-27,2026-08-28,2382,廣達,60,334.5,329.5,342.0,347.0,336.5,338.5,330.0,332.5,True,收盤了結,-2.0
2026-08-27,2026-08-28,2354,鴻準,75,64.59,63.62,66.05,67.02,65.30000305175781,65.30000305175781,63.29999923706055,63.900001525878906,True,停損,-0.97
2026-08-27,2026-08-28,1605,華新,60,39.55,38.97,40.42,41.0,39.45000076293945,39.650001525878906,38.650001525878906,39.0,True,停損,-0.58
2026-08-27,2026-08-28,2377,微星,50,147.0,144.82,150.27,152.45,146.0,146.5,144.0,145.0,False,未觸發,
2026-08-28,2026-08-31,2354,鴻準,75,65.3,64.34,66.74,67.7,63.0,65.0999984741211,62.599998474121094,64.69999694824219,False,未觸發,
2026-08-28,2026-08-31,2327,國巨,50,598.79,589.83,612.23,621.19,580.0,590.0,538.0,545.0,False,未觸發,
2026-08-28,2026-08-31,2303,聯電,50,130.39,128.44,133.31,135.26,126.5,129.0,124.0,129.0,False,未觸發,
2026-08-28,2026-08-31,3481,群創,50,48.75,48.02,49.84,50.57,48.150001525878906,50.5,47.599998474121094,49.849998474121094,True,達TP1(另一半SL),0.55
2026-08-28,2026-08-31,3711,日月光投控,50,622.86,613.54,636.84,646.16,601.0,601.0,565.0,584.0,False,未觸發,
2026-08-31,2026-09-01,2330,台積電,75,2445.0,2416.14,2488.29,2517.15,2395.0,2440.0,2390.0,2440.0,False,未觸發,
2026-08-31,2026-09-01,2382,廣達,75,339.52,334.44,347.14,352.22,337.0,342.0,335.5,342.0,True,收盤了結,2.48
2026-08-31,2026-09-01,2395,研華,75,685.0,674.85,700.22,710.38,689.0,715.0,679.0,711.0,True,達TP1+達TP2,20.3
2026-08-31,2026-09-01,2379,瑞昱,50,733.0,722.18,749.23,760.05,723.0,753.0,723.0,744.0,True,達TP1(另一半SL),8.12
2026-08-31,2026-09-01,2357,華碩,45,1002.0,987.01,1024.49,1039.47,1000.0,1025.0,987.0,1010.0,True,達TP1(另一半SL),11.25
2026-08-31,2026-09-01,4904,遠傳,50,101.5,100.26,103.36,104.6,100.5,101.0,100.0,101.0,False,未觸發,
2026-08-31,2026-09-01,4938,和碩,60,91.37,90.0,93.43,94.8,90.5999984741211,92.30000305175781,90.0999984741211,91.0,True,收盤了結,-0.37
2026-08-31,2026-09-01,2377,微星,60,155.46,153.14,158.94,161.26,155.0,156.0,151.5,154.0,True,停損,-2.32
2026-08-31,2026-09-01,3481,群創,50,50.0,49.25,51.12,51.88,49.900001525878906,50.20000076293945,49.20000076293945,49.29999923706055,True,停損,-0.75
2026-08-31,2026-09-01,2912,統一超,65,220.5,218.11,224.08,226.47,216.5,218.0,215.5,216.0,False,未觸發,
2026-08-31,2026-09-01,2356,英業達,60,66.9,65.9,68.4,69.4,66.69999694824219,68.4000015258789,66.19999694824219,66.5999984741211,True,達TP1(另一半SL),0.75
2026-08-31,2026-09-01,2392,正崴,65,47.2,46.53,48.21,48.88,45.79999923706055,47.95000076293945,45.20000076293945,45.900001525878906,True,停損,-0.67
2026-09-01,2026-09-02,2395,研華,75,713.13,702.47,729.12,739.78,705.0,709.0,688.0,692.0,False,未觸發,
2026-09-01,2026-09-02,2379,瑞昱,60,746.23,735.07,762.97,774.13,742.0,774.0,736.0,744.0,True,達TP1(另一半SL),8.37
2026-09-01,2026-09-02,2353,宏碁,75,31.85,31.37,32.57,33.05,31.5,32.20000076293945,31.299999237060547,32.150001525878906,True,停損,-0.48
2026-09-01,2026-09-02,2357,華碩,45,1013.03,997.88,1035.75,1050.9,1000.0,1020.0,993.0,1010.0,True,停損,-15.15
2026-09-02,2026-09-03,2353,宏碁,75,32.25,31.77,32.97,33.45,32.29999923706055,32.70000076293945,31.25,31.25,True,停損,-0.48
2026-09-02,2026-09-03,4904,遠傳,60,102.81,101.61,104.61,105.81,102.5,103.5,102.0,103.5,True,收盤了結,0.69
2026-09-02,2026-09-03,2356,英業達,60,68.4,67.4,69.9,70.9,67.5,68.0999984741211,64.80000305175781,65.0,False,未觸發,
2026-09-03,2026-09-04,2353,宏碁,60,32.2,31.73,32.91,33.38,31.950000762939453,33.04999923706055,31.950000762939453,32.70000076293945,True,達TP1(另一半SL),0.35
2026-09-04,2026-09-07,2317,鴻海,60,256.77,252.93,262.53,266.37,258.5,259.0,252.5,256.0,True,停損,-3.84
2026-09-04,2026-09-07,2382,廣達,75,346.03,340.85,353.8,358.98,350.0,351.5,340.5,347.5,True,停損,-5.18
2026-09-04,2026-09-07,2324,仁寶,50,41.72,41.1,42.65,43.27,41.599998474121094,41.599998474121094,39.20000076293945,40.04999923706055,False,未觸發,
2026-09-04,2026-09-07,2353,宏碁,75,32.8,32.31,33.53,34.02,33.0,33.04999923706055,31.649999618530273,32.29999923706055,True,停損,-0.49
2026-09-04,2026-09-07,4938,和碩,60,95.69,94.26,97.83,99.26,95.5999984741211,95.5999984741211,91.5999984741211,93.5999984741211,False,未觸發,
2026-09-04,2026-09-07,2352,佳世達,60,29.6,29.16,30.26,30.7,29.700000762939453,29.700000762939453,28.600000381469727,29.0,True,停損,-0.44
2026-09-04,2026-09-07,2377,微星,60,162.0,159.58,165.63,168.05,164.0,164.0,156.0,158.5,True,停損,-2.42
2026-09-04,2026-09-07,2356,英業達,60,68.1,67.09,69.61,70.62,68.19999694824219,68.19999694824219,65.19999694824219,66.0999984741211,True,停損,-1.01
2026-09-07,2026-09-08,2330,台積電,100,2467.38,2440.1,2508.3,2535.58,2465.0,2505.0,2460.0,2470.0,True,收盤了結,2.62
2026-09-07,2026-09-08,2327,國巨,50,590.77,581.93,604.03,612.87,580.0,584.0,565.0,567.0,False,未觸發,
2026-09-07,2026-09-08,3711,日月光投控,50,622.86,613.54,636.84,646.16,619.0,623.0,608.0,618.0,True,停損,-9.32
2026-09-07,2026-09-08,4919,新唐,50,122.87,121.03,125.63,127.47,124.5,124.5,117.5,118.0,True,停損,-1.84
2026-09-08,2026-09-09,2330,台積電,75,2477.41,2450.15,2518.3,2545.56,2480.0,2490.0,2460.0,2465.0,True,收盤了結,-12.41
2026-09-08,2026-09-09,2382,廣達,50,351.5,346.58,358.88,363.8,336.5,344.0,335.0,342.0,False,未觸發,
2026-09-08,2026-09-09,2912,統一超,50,217.5,215.42,220.62,222.7,216.0,218.5,216.0,217.5,True,收盤了結,0.0
2026-09-08,2026-09-09,2356,英業達,50,68.2,67.24,69.64,70.6,63.099998474121094,65.0999984741211,63.0,64.30000305175781,False,未觸發,
2026-09-09,2026-09-10,3034,聯詠,60,544.63,536.49,556.84,564.98,538.0,551.0,534.0,545.0,True,停損,-8.14
2026-09-11,2026-09-14,2354,鴻準,60,65.9,64.91,67.39,68.38,64.69999694824219,64.9000015258789,63.29999923706055,64.69999694824219,False,未觸發,
2026-09-11,2026-09-14,2357,華碩,50,989.0,975.14,1009.79,1023.65,900.0,936.0,900.0,934.0,False,未觸發,
2026-09-14,2026-09-15,2352,佳世達,75,29.0,28.57,29.64,30.07,28.75,29.049999237060547,28.299999237060547,28.299999237060547,True,停損,-0.43
2026-09-14,2026-09-15,3443,創意,65,6419.2,6323.2,6563.2,6659.2,6400.0,6455.0,6035.0,6035.0,True,停損,-96.0
2026-09-15,2026-09-16,4904,遠傳,75,106.82,105.64,108.59,109.77,107.0,107.0,104.0,105.0,True,停損,-1.18
2026-09-16,2026-09-17,2382,廣達,60,341.52,336.41,349.18,354.29,341.5,346.0,340.0,344.0,True,收盤了結,2.48
2026-09-16,2026-09-17,2353,宏碁,60,32.1,31.62,32.82,33.3,32.0,32.79999923706055,32.0,32.400001525878906,True,收盤了結,0.3
2026-09-16,2026-09-17,4904,遠傳,75,107.5,106.28,109.33,110.55,105.5,107.0,104.0,106.5,False,未觸發,
2026-09-16,2026-09-17,2352,佳世達,60,29.24,28.8,29.9,30.34,29.200000762939453,29.350000381469727,28.75,29.0,True,停損,-0.44
2026-09-17,2026-09-18,2382,廣達,60,345.03,339.87,352.77,357.93,346.5,346.5,340.0,343.0,True,收盤了結,-2.03
2026-09-17,2026-09-18,2354,鴻準,60,66.5,65.51,67.98,68.97,67.5,67.5,64.80000305175781,65.69999694824219,True,停損,-0.99
2026-09-17,2026-09-18,2353,宏碁,60,32.5,32.01,33.23,33.73,32.75,32.75,31.850000381469727,31.950000762939453,True,停損,-0.49
2026-09-17,2026-09-18,4904,遠傳,75,107.0,105.73,108.91,110.17,106.0,107.0,105.5,107.0,True,停損,-1.27
2026-09-17,2026-09-18,2352,佳世達,60,29.5,29.07,30.14,30.57,29.200000762939453,29.25,28.899999618530273,29.200000762939453,False,未觸發,
2026-09-18,2026-09-21,2330,台積電,60,2467.38,2442.75,2504.33,2528.96,2445.0,2485.0,2445.0,2480.0,True,收盤了結,12.62
2026-09-18,2026-09-21,2454,聯發科,60,4724.13,4653.48,4830.11,4900.76,4800.0,5035.0,4780.0,5010.0,True,達TP1+達TP2,141.3
2026-09-18,2026-09-21,2317,鴻海,60,253.5,249.95,258.83,262.38,251.5,252.0,249.0,250.0,False,未觸發,
2026-09-18,2026-09-21,2382,廣達,75,346.0,340.86,353.71,358.85,344.0,344.5,339.0,344.5,False,未觸發,
2026-09-18,2026-09-21,2324,仁寶,50,37.95,37.38,38.81,39.38,38.04999923706055,38.5,37.599998474121094,37.599998474121094,True,收盤了結,-0.35
2026-09-18,2026-09-21,3034,聯詠,75,559.67,551.3,572.22,580.6,557.0,557.0,545.0,548.0,False,未觸發,
2026-09-18,2026-09-21,2353,宏碁,75,32.8,32.32,33.52,34.0,32.04999923706055,32.599998474121094,32.0,32.150001525878906,False,未觸發,
2026-09-18,2026-09-21,2357,華碩,50,967.0,952.6,988.6,1003.0,973.0,973.0,943.0,946.0,True,停損,-14.4
2026-09-18,2026-09-21,4904,遠傳,75,107.32,106.08,109.18,110.42,107.0,107.0,105.0,106.0,False,未觸發,
2026-09-18,2026-09-21,1605,華新,50,37.55,36.99,38.39,38.95,37.20000076293945,37.70000076293945,36.849998474121094,37.099998474121094,True,停損,-0.56
2026-09-18,2026-09-21,2912,統一超,50,217.5,215.74,220.14,221.9,216.0,216.0,214.5,215.0,False,未觸發,
2026-09-18,2026-09-21,3711,日月光投控,60,639.91,630.34,654.26,663.83,655.0,674.0,655.0,663.0,True,達TP1+達TP2,19.14
2026-09-18,2026-09-21,4919,新唐,50,126.88,124.98,129.73,131.63,135.0,135.0,125.0,125.5,True,達TP1+達TP2,3.8
2026-09-18,2026-09-21,2356,英業達,50,62.5,61.57,63.89,64.83,62.29999923706055,62.599998474121094,61.5,61.79999923706055,True,停損,-0.93
2026-09-21,2026-09-22,2454,聯發科,51,5025.03,4949.88,5137.75,5212.9,5280.0,5480.0,5150.0,5180.0,True,達TP1+達TP2,150.3
2026-09-21,2026-09-22,2352,佳世達,75,29.69,29.25,30.35,30.79,29.850000381469727,29.850000381469727,29.399999618530273,29.399999618530273,True,收盤了結,-0.29
2026-09-21,2026-09-22,3481,群創,60,50.55,49.79,51.69,52.45,50.599998474121094,52.20000076293945,49.95000076293945,50.5,True,達TP1(另一半SL),0.57
2026-09-21,2026-09-22,2392,正崴,60,44.68,44.01,45.69,46.36,44.75,44.849998474121094,43.0,43.45000076293945,True,停損,-0.67
2026-09-22,2026-09-23,2317,鴻海,60,253.76,250.41,258.78,262.13,255.0,257.0,255.0,256.0,True,收盤了結,2.24
2026-09-22,2026-09-23,2327,國巨,50,579.0,570.43,591.86,600.43,581.0,601.0,570.0,573.0,True,達TP1+達TP2,17.14
2026-09-22,2026-09-23,3481,群創,60,50.65,49.89,51.79,52.55,51.0,51.79999923706055,49.5,49.599998474121094,True,達TP1(另一半SL),0.57
2026-09-22,2026-09-23,3711,日月光投控,45,695.08,684.69,710.66,721.06,710.0,711.0,689.0,693.0,True,達TP1(另一半SL),7.79
2026-09-23,2026-09-24,2379,瑞昱,60,764.0,752.59,781.12,792.52,745.0,753.0,725.0,749.0,False,未觸發,
2026-09-23,2026-09-24,2912,統一超,50,216.0,214.3,218.55,220.25,213.0,213.5,212.0,212.5,False,未觸發,
2026-09-29,2026-09-30,2330,台積電,75,2490.0,2466.29,2525.57,2549.28,2495.0,2510.0,2480.0,2480.0,True,收盤了結,-10.0
2026-09-29,2026-09-30,2395,研華,60,732.19,721.24,748.62,759.57,731.0,746.0,726.0,726.0,True,收盤了結,-6.19
2026-09-29,2026-09-30,4904,遠傳,60,106.5,105.33,108.25,109.43,105.0,105.0,103.0,103.5,False,未觸發,
2026-09-30,2026-10-01,2330,台積電,75,2495.0,2471.49,2530.27,2553.78,2490.0,2510.0,2485.0,2510.0,True,收盤了結,15.0
2026-09-30,2026-10-01,2324,仁寶,50,37.21,36.65,38.05,38.61,37.20000076293945,37.29999923706055,36.650001525878906,36.650001525878906,True,收盤了結,-0.56
2026-09-30,2026-10-01,2357,華碩,50,969.0,954.59,990.62,1005.02,961.0,971.0,960.0,965.0,True,收盤了結,-4.0
2026-09-30,2026-10-01,4904,遠傳,50,106.0,104.83,107.75,108.93,103.5,105.0,103.0,105.0,False,未觸發,
2026-09-30,2026-10-01,1605,華新,60,38.52,37.94,39.39,39.97,39.04999923706055,39.099998474121094,38.0,38.54999923706055,True,收盤了結,0.03
2026-09-30,2026-10-01,2349,錸德,60,10.73,10.57,10.97,11.13,10.649999618530273,10.75,10.350000381469727,10.5,True,停損,-0.16
2026-09-30,2026-10-01,2352,佳世達,75,29.74,29.3,30.4,30.84,29.700000762939453,29.75,29.100000381469727,29.100000381469727,True,停損,-0.44
2026-09-30,2026-10-01,3481,群創,60,54.86,54.04,56.09,56.91,55.5,55.5,51.79999923706055,52.29999923706055,True,停損,-0.82
