日期,次日,代號,名稱,分數,方向,進場,停損,TP1,TP2,次日開,次日高,次日低,次日收,隔日漲%,是否觸發,結果,PnL
2026-09-01,2026-09-02,2395,研華,75,做多,713.13,702.47,729.12,739.78,705.0,709.0,688.0,692.0,-2.67,False,未觸發,
2026-09-01,2026-09-02,2379,瑞昱,60,做多,746.23,735.07,762.97,774.13,742.0,774.0,736.0,744.0,0.0,True,達TP1,16.74
2026-09-01,2026-09-02,2353,宏碁,75,做多,31.85,31.37,32.57,33.05,31.5,32.20000076293945,31.299999237060547,32.150001525878906,1.26,True,停損洗出,-0.48
2026-09-01,2026-09-02,2357,華碩,45,觀望(開高走低風險),1013.03,997.88,1035.75,1050.9,1000.0,1020.0,993.0,1010.0,0.0,True,停損洗出,-15.15
2026-09-02,2026-09-03,2353,宏碁,75,做多,32.25,31.77,32.97,33.45,32.29999923706055,32.70000076293945,31.25,31.25,-2.8,True,停損洗出,-0.48
2026-09-02,2026-09-03,4904,遠傳,60,做多,102.81,101.61,104.61,105.81,102.5,103.5,102.0,103.5,0.98,True,收盤了結(未達TP),0.69
2026-09-02,2026-09-03,2356,英業達,60,做多,68.4,67.4,69.9,70.9,67.5,68.0999984741211,64.80000305175781,65.0,-2.4,False,未觸發,
2026-09-03,2026-09-04,2353,宏碁,60,做多,32.2,31.73,32.91,33.38,31.950000762939453,33.04999923706055,31.950000762939453,32.70000076293945,4.64,True,達TP1,0.71
2026-09-04,2026-09-07,2317,鴻海,60,做多,256.77,252.93,262.53,266.37,258.5,259.0,252.5,256.0,0.0,True,停損洗出,-3.84
2026-09-04,2026-09-07,2382,廣達,75,做多,346.03,340.85,353.8,358.98,350.0,351.5,340.5,347.5,0.72,True,停損洗出,-5.18
2026-09-04,2026-09-07,2324,仁寶,50,做多,41.72,41.1,42.65,43.27,41.599998474121094,41.599998474121094,39.20000076293945,40.04999923706055,-3.73,False,未觸發,
2026-09-04,2026-09-07,2353,宏碁,75,做多,32.8,32.31,33.53,34.02,33.0,33.04999923706055,31.649999618530273,32.29999923706055,-1.22,True,停損洗出,-0.49
2026-09-04,2026-09-07,4938,和碩,60,做多,95.69,94.26,97.83,99.26,95.5999984741211,95.5999984741211,91.5999984741211,93.5999984741211,-1.89,False,未觸發,
2026-09-04,2026-09-07,2352,佳世達,60,做多,29.6,29.16,30.26,30.7,29.700000762939453,29.700000762939453,28.600000381469727,29.0,-0.85,True,停損洗出,-0.44
2026-09-04,2026-09-07,2377,微星,60,做多,162.0,159.58,165.63,168.05,164.0,164.0,156.0,158.5,-1.86,True,停損洗出,-2.42
2026-09-04,2026-09-07,2356,英業達,60,做多,68.1,67.09,69.61,70.62,68.19999694824219,68.19999694824219,65.19999694824219,66.0999984741211,-2.07,True,停損洗出,-1.01
2026-09-07,2026-09-08,2330,台積電,100,做多,2467.38,2440.1,2508.3,2535.58,2465.0,2505.0,2460.0,2470.0,0.41,True,收盤了結(未達TP),2.62
2026-09-07,2026-09-08,2327,國巨,50,做多,590.77,581.93,604.03,612.87,580.0,584.0,565.0,567.0,-3.74,False,未觸發,
2026-09-07,2026-09-08,3711,日月光投控,50,做多,622.86,613.54,636.84,646.16,619.0,623.0,608.0,618.0,-0.48,True,停損洗出,-9.32
2026-09-07,2026-09-08,4919,新唐,50,做多,122.87,121.03,125.63,127.47,124.5,124.5,117.5,118.0,-3.67,True,停損洗出,-1.84
2026-09-08,2026-09-09,2330,台積電,75,做多,2477.41,2450.15,2518.3,2545.56,2480.0,2490.0,2460.0,2465.0,-0.2,True,收盤了結(未達TP),-12.41
2026-09-08,2026-09-09,2382,廣達,50,做多,351.5,346.58,358.88,363.8,336.5,344.0,335.0,342.0,4.27,False,未觸發,
2026-09-08,2026-09-09,2912,統一超,50,做多,217.5,215.42,220.62,222.7,216.0,218.5,216.0,217.5,0.23,True,收盤了結(未達TP),0.0
2026-09-08,2026-09-09,2356,英業達,50,做多,68.2,67.24,69.64,70.6,63.099998474121094,65.0999984741211,63.0,64.30000305175781,0.47,False,未觸發,
2026-09-09,2026-09-10,3034,聯詠,60,做多,544.63,536.49,556.84,564.98,538.0,551.0,534.0,545.0,0.37,True,停損洗出,-8.14
2026-09-11,2026-09-14,2354,鴻準,60,做多,65.9,64.91,67.39,68.38,64.69999694824219,64.9000015258789,63.29999923706055,64.69999694824219,-1.52,False,未觸發,
2026-09-11,2026-09-14,2357,華碩,50,做多,989.0,975.14,1009.79,1023.65,900.0,936.0,900.0,934.0,1.08,False,未觸發,
2026-09-14,2026-09-15,2352,佳世達,75,做多,29.0,28.57,29.64,30.07,28.75,29.049999237060547,28.299999237060547,28.299999237060547,-1.57,True,停損洗出,-0.43
2026-09-14,2026-09-15,3443,創意,65,做多,6419.2,6323.2,6563.2,6659.2,6400.0,6455.0,6035.0,6035.0,-5.7,True,停損洗出,-96.0
2026-09-15,2026-09-16,4904,遠傳,75,做多,106.82,105.64,108.59,109.77,107.0,107.0,104.0,105.0,-1.41,True,停損洗出,-1.18
2026-09-16,2026-09-17,2382,廣達,60,做多,341.52,336.41,349.18,354.29,341.5,346.0,340.0,344.0,1.03,True,收盤了結(未達TP),2.48
2026-09-16,2026-09-17,2353,宏碁,60,做多,32.1,31.62,32.82,33.3,32.0,32.79999923706055,32.0,32.400001525878906,1.25,True,收盤了結(未達TP),0.3
2026-09-16,2026-09-17,4904,遠傳,75,做多,107.5,106.28,109.33,110.55,105.5,107.0,104.0,106.5,1.43,False,未觸發,
2026-09-16,2026-09-17,2352,佳世達,60,做多,29.24,28.8,29.9,30.34,29.200000762939453,29.350000381469727,28.75,29.0,-0.51,True,停損洗出,-0.44
2026-09-17,2026-09-18,2382,廣達,60,做多,345.03,339.87,352.77,357.93,346.5,346.5,340.0,343.0,-0.29,True,收盤了結(未達TP),-2.03
2026-09-17,2026-09-18,2354,鴻準,60,做多,66.5,65.51,67.98,68.97,67.5,67.5,64.80000305175781,65.69999694824219,-0.9,True,停損洗出,-0.99
2026-09-17,2026-09-18,2353,宏碁,60,做多,32.5,32.01,33.23,33.73,32.75,32.75,31.850000381469727,31.950000762939453,-1.39,True,停損洗出,-0.49
2026-09-17,2026-09-18,4904,遠傳,75,做多,107.0,105.73,108.91,110.17,106.0,107.0,105.5,107.0,0.47,True,停損洗出,-1.27
2026-09-17,2026-09-18,2352,佳世達,60,做多,29.5,29.07,30.14,30.57,29.200000762939453,29.25,28.899999618530273,29.200000762939453,0.69,False,未觸發,
2026-09-18,2026-09-21,2330,台積電,60,做多,2467.38,2442.75,2504.33,2528.96,2445.0,2485.0,2445.0,2480.0,0.81,True,收盤了結(未達TP),12.62
2026-09-18,2026-09-21,2454,聯發科,60,做多,4724.13,4653.48,4830.11,4900.76,4800.0,5035.0,4780.0,5010.0,6.37,True,達TP2,176.63
2026-09-18,2026-09-21,2317,鴻海,60,做多,253.5,249.95,258.83,262.38,251.5,252.0,249.0,250.0,-0.2,False,未觸發,
2026-09-18,2026-09-21,2382,廣達,75,做多,346.0,340.86,353.71,358.85,344.0,344.5,339.0,344.5,0.44,False,未觸發,
2026-09-18,2026-09-21,2324,仁寶,50,做多,37.95,37.38,38.81,39.38,38.04999923706055,38.5,37.599998474121094,37.599998474121094,-0.27,True,收盤了結(未達TP),-0.35
2026-09-18,2026-09-21,3034,聯詠,75,做多,559.67,551.3,572.22,580.6,557.0,557.0,545.0,548.0,-1.79,False,未觸發,
2026-09-18,2026-09-21,2353,宏碁,75,做多,32.8,32.32,33.52,34.0,32.04999923706055,32.599998474121094,32.0,32.150001525878906,0.63,False,未觸發,
2026-09-18,2026-09-21,2357,華碩,50,做多,967.0,952.6,988.6,1003.0,973.0,973.0,943.0,946.0,-1.46,True,停損洗出,-14.4
2026-09-18,2026-09-21,4904,遠傳,75,做多,107.32,106.08,109.18,110.42,107.0,107.0,105.0,106.0,-0.93,False,未觸發,
2026-09-18,2026-09-21,1605,華新,50,做多,37.55,36.99,38.39,38.95,37.20000076293945,37.70000076293945,36.849998474121094,37.099998474121094,0.0,True,停損洗出,-0.56
2026-09-18,2026-09-21,2912,統一超,50,做多,217.5,215.74,220.14,221.9,216.0,216.0,214.5,215.0,-0.69,False,未觸發,
2026-09-18,2026-09-21,3711,日月光投控,60,做多,639.91,630.34,654.26,663.83,655.0,674.0,655.0,663.0,3.92,True,達TP2,23.92
2026-09-18,2026-09-21,4919,新唐,50,做多,126.88,124.98,129.73,131.63,135.0,135.0,125.0,125.5,-0.79,True,達TP2,4.75
2026-09-18,2026-09-21,2356,英業達,50,做多,62.5,61.57,63.89,64.83,62.29999923706055,62.599998474121094,61.5,61.79999923706055,0.16,True,停損洗出,-0.93
2026-09-21,2026-09-22,2454,聯發科,51,觀望(開高走低風險),5025.03,4949.88,5137.75,5212.9,5280.0,5480.0,5150.0,5180.0,3.39,True,達TP2,187.87
2026-09-21,2026-09-22,2352,佳世達,75,做多,29.69,29.25,30.35,30.79,29.850000381469727,29.850000381469727,29.399999618530273,29.399999618530273,-0.68,True,收盤了結(未達TP),-0.29
2026-09-21,2026-09-22,3481,群創,60,做多,50.55,49.79,51.69,52.45,50.599998474121094,52.20000076293945,49.95000076293945,50.5,0.2,True,達TP1,1.14
2026-09-21,2026-09-22,2392,正崴,60,做多,44.68,44.01,45.69,46.36,44.75,44.849998474121094,43.0,43.45000076293945,-2.47,True,停損洗出,-0.67
2026-09-22,2026-09-23,2317,鴻海,60,做多,253.76,250.41,258.78,262.13,255.0,257.0,255.0,256.0,1.19,True,收盤了結(未達TP),2.24
2026-09-22,2026-09-23,2327,國巨,50,做多,579.0,570.43,591.86,600.43,581.0,601.0,570.0,573.0,0.35,True,停損洗出,-8.57
2026-09-22,2026-09-23,3481,群創,60,做多,50.65,49.89,51.79,52.55,51.0,51.79999923706055,49.5,49.599998474121094,-1.78,True,停損洗出,-0.76
2026-09-22,2026-09-23,3711,日月光投控,45,觀望(開高走低風險),695.08,684.69,710.66,721.06,710.0,711.0,689.0,693.0,0.0,True,達TP1,15.58
2026-09-23,2026-09-24,2379,瑞昱,60,做多,764.0,752.59,781.12,792.52,745.0,753.0,725.0,749.0,-1.58,False,未觸發,
2026-09-23,2026-09-24,2912,統一超,50,做多,216.0,214.3,218.55,220.25,213.0,213.5,212.0,212.5,-0.23,False,未觸發,
2026-09-29,2026-09-30,2330,台積電,75,做多,2490.0,2466.29,2525.57,2549.28,2495.0,2510.0,2480.0,2480.0,0.2,True,收盤了結(未達TP),-10.0
2026-09-29,2026-09-30,2395,研華,60,做多,732.19,721.24,748.62,759.57,731.0,746.0,726.0,726.0,-0.55,True,收盤了結(未達TP),-6.19
2026-09-29,2026-09-30,4904,遠傳,60,做多,106.5,105.33,108.25,109.43,105.0,105.0,103.0,103.5,-0.96,False,未觸發,
2026-09-30,2026-10-01,2330,台積電,75,做多,2495.0,2471.49,2530.27,2553.78,2490.0,2510.0,2485.0,2510.0,1.21,True,收盤了結(未達TP),15.0
2026-09-30,2026-10-01,2324,仁寶,50,做多,37.21,36.65,38.05,38.61,37.20000076293945,37.29999923706055,36.650001525878906,36.650001525878906,-1.21,True,收盤了結(未達TP),-0.56
2026-09-30,2026-10-01,2357,華碩,50,做多,969.0,954.59,990.62,1005.02,961.0,971.0,960.0,965.0,0.42,True,收盤了結(未達TP),-4.0
2026-09-30,2026-10-01,4904,遠傳,50,做多,106.0,104.83,107.75,108.93,103.5,105.0,103.0,105.0,1.45,False,未觸發,
2026-09-30,2026-10-01,1605,華新,60,做多,38.52,37.94,39.39,39.97,39.04999923706055,39.099998474121094,38.0,38.54999923706055,0.39,True,收盤了結(未達TP),0.03
2026-09-30,2026-10-01,2349,錸德,60,做多,10.73,10.57,10.97,11.13,10.649999618530273,10.75,10.350000381469727,10.5,-1.87,True,停損洗出,-0.16
2026-09-30,2026-10-01,2352,佳世達,75,做多,29.74,29.3,30.4,30.84,29.700000762939453,29.75,29.100000381469727,29.100000381469727,-1.85,True,停損洗出,-0.44
2026-09-30,2026-10-01,3481,群創,60,觀望(開高走低風險),54.86,54.04,56.09,56.91,55.5,55.5,51.79999923706055,52.29999923706055,-4.39,True,停損洗出,-0.82
