# 隔天當沖選股 — 標的清單（代號,名稱）
# 2026-10-05 修正：所有名稱以 TWSE T86 三大法人官方中文名為準（原檔大量貼錯、查無代號）
# 修正項目：2301華碩→光寶科、2324緯創→仁寶、2327台達電→國巨、2353聯發科→宏碁、
#           2357華通→華碩、2349中興電→錸德、2352智邦→佳世達、2377台積電→微星、
#           2383緯創→台光電、2356神基→英業達、2392台積電→正崴、4919中華電→新唐、
#           3711保德信→日月光投控、3034威盛→聯詠、2354仁寶→鴻準。
#           查無代號已用正確代號補上：3279研華→2395、5291創意→3443、2320聯電→2303、
#           2306華新→1605、2386和碩→4938、2319群創→3481、8088統一超→2912。
#           金鼎證(2918)在本環境查無，已移除。
2330,台積電
2454,聯發科
3008,大立光
2317,鴻海
2301,光寶科
2382,廣達
2354,鴻準
2324,仁寶
2327,國巨
2395,研華
3034,聯詠
2379,瑞昱
2353,宏碁
2357,華碩
4904,遠傳
2303,聯電
1605,華新
2349,錸德
4938,和碩
2352,佳世達
2377,微星
3481,群創
2912,統一超
3711,日月光投控
4919,新唐
2383,台光電
2356,英業達
2392,正崴
3443,創意
